text,label,y_true,y_pred,correct
" মহান বিজয় দিবস উপলক্ষে রাজধানীতে র‌্যালি করতে চায় বিএনপি। কর্মসূচি পালনের অনুমতি চেয়ে আজ বুধবার ঢাকা মেট্রোপলিটন পুলিশ (ডিএমপি) বরাবর আবেদন করেছে দলটি।বিকেল ৪টার দিকে ডিএমপির সদর দফতরে যান বিএনপির ভাইস-চেয়ারম্যান ও সাবেক মন্ত্রী নিতাই রায় চৌধুরী এবং জাতীয়তাবাদী আইনজীবী ফোরামের প্রচার সম্পাদক মাহবুবুর রহমান। তবে, পুলিশ কমিশনার না থাকায় অতিরিক্ত পুলিশ কমিশনারের কাছে আবেদনপত্র দেন তারা।নেতারা গণমাধ্যমকে জানান, ১৬ ডিসেম্বর দুপুর একটায় দলটির কেন্দ্রীয় কার্যালয় থেকে বের হয়ে পল্টন মোড় হয়ে মগবাজার মোড় পর্যন্ত র‌্যালি করতে চায়।এরআগে হঠাৎ ডিএমপিতে যাওয়ার বিষয়ে দলের মিডিয়া সেলের সদস্য শায়রুল কবির খান আমাদের সময়কে বলেন, সাম্প্রতিক বিষয়গুলো নিয়েই মূলত আলোচনা হবে। এছাড়া আগামীতে আন্দোলন মিছিল-মিটিংয়ের বিষয়ে আলোচনা হতে পারে।উল্লেখ্য, গত ১০ ডিসেম্বর একাদশ দফায় দুই দিনের অবরোধ কর্মসূচি ঘোষণা করে বিএনপি। আজ বুধবার সন্ধ্যা ছয়টায় দুই দিনের অবরোধ কর্মসূচি শেষ হবে।গত ২৮ অক্টোবর ঢাকায় মহাসমাবেশ পণ্ড হওয়ার ঘটনার প্রতিবাদে ২৯ অক্টোবর সারা দেশে সকাল-সন্ধ্যা হরতাল দেয় বিএনপি। এরপর দলটির মহাসচিব মির্জা ফখরুল ইসলাম আলমগীরসহ শীর্ষ পর্যায়ের অনেক নেতাকর্মীকে গ্রেপ্তার করা হয়।সরকারের পদত্যাগ, নির্দলীয় সরকারের অধীন নির্বাচন এবং দলের গ্রেপ্তার নেতাকর্মীদের মুক্তি ও হয়রানি বন্ধের দাবিতে এক-দুই দিন পরপর কখনো অবরোধ, কখনো হরতালের মতো কর্মসূচি দিয়ে যাচ্ছে দলটি। বিএনপির সঙ্গে যুগপৎ আন্দোলনে থাকা আরও কয়েকটি রাজনৈতিক দলও একই ধরনের কর্মসূচি পালন করে আসছে। ",0,0,1,False
" আওয়ামী লীগের প্রেসিডিয়াম সদস্য শাহজাহান খান এমপি বলেছেন, এবারের নির্বাচনের মাধ্যমে খুনি ও সন্ত্রাসীদের দল বিএনপিকে প্রতিরোধ করা হবে। এ দলের প্রতিষ্ঠাতা পঁচাত্তরের খুনিদের প্রশ্রয়দাতা ছিলেন। একাত্তরের গণহত্যায় জড়িতদের তিনি ক্ষমতার ভাগ দিয়েছিলেন। জেলখানা হত্যাকাণ্ড, একুশে গ্রেনেড হামলার মাধ্যমে মাননীয় প্রধানমন্ত্রীসহ আওয়ামী লীগের কেন্দ্রীয় নেতৃবৃন্দকে হত্যাচেষ্টা, ২০১৪ সালের নির্বাচনের সময় জ্বালাও পোড়াওয়ের মাধ্যমে বহু মানুষকে হত্যা করেও তারা ক্ষান্ত হয়নি। ২০২৪ সালের নির্বাচন বন্ধের নামে গাড়ি ও ট্রেনে আগুন দিয়ে তারা আবারো মানুষ হত্যায় নেমেছে। কাজেই খুন ও হত্যা তাদের পুরনো নেশা। এমন নরহত্যায় যারা আসক্ত তাদের নিকট থেকে জাতি কিছু আশা করতে পারেনা। আওয়ামী লীগ যখন সমগ্র জাতির উন্নয়নের দিকে মনযোগী থাকে বিএনপি তখন বিদেশীদের পদলেহনে ব্যস্ত। বিদেশীদের অনুকম্পা পাওয়ার জন্য চাতক পাখির মতো তারা তাকিয়ে থাকে।সোমবার (১ জানুয়ারি) বিকেলে টাঙ্গাইলের গোপালপুর উপজেলার সাজানপুর উচ্চ বিদ্যালয় মাঠে টাঙ্গাইল-২ (গোপালপুর-ভূঞাপুর) আসনের নৌকার এমপি প্রার্থী ছোট মনির এমপির নির্বাচনী জনসভায় প্রধান অতিথির ভাষণে তিনি এসব কথা বলেন।শাহজাহান খান আরো বলেন, এমপি ছোট মনির এলাকায় অনেক উন্নয়ন করেছেন। এলাকা থেকে সন্ত্রাসী কর্মকান্ড ও দুর্নীতি বন্ধ করেছেন। তিনি মাননীয় প্রধানমন্ত্রীর খুবই অনুগ্রহভাজন। আপনারা তাকে নৌকা মার্কায় ভোট দিয়ে এলাকায় আরো উন্নয়ন করার সুযোগ দিন।এমপি ছোট মনির বলেন, ঈগল প্রতীকের প্রার্থী ১৫ বছর উপজেলা পরিষদের চেয়ারম্যান ছিলেন। কিন্তু তিনি এলাকায় কোন উন্নয়নমূলক কাজ না করে নিজের আখের গুছিয়েছেন। নৌকার জোয়ার দেখে তিনি নানা প্রকার কাল্পনিক অভিযোগ তুলে প্রশাসনকে বিব্রত করছেন। তিনি আগামী ৭ জানুয়ারি নৌকাকে বিজয়ী করার জন্য সকলকে মাঠে কাজ করার অনুরোধ জানান।ধোপাকান্দি ইউনিয়ন আওয়ামী লীগের সভাপতি আব্দুর রহিমের সভাপতিত্বে সভায় আরো বক্তব্য রাখেন, উপজেলা আওয়ামী লীগের সভাপতি আব্দুল মোমেন, সম্পাদক সাইফুল ইসলাম তালুকদার সুরুজ, বীর মুক্তিযোদ্ধা এবং উপজেলা আওয়ামী লীগের সাবেক সভাপতি এডভোকেট শামসুল আলম, টাঙ্গাইল বারের সাবেক সভাপতি এবং এমপি ছোট মনিরের পিতা এডভোকেট আব্দুল গফুর, ছাত্রলীগ সভাপতি শফিকুল ইসলাম, ঝাওয়াইল ইউনিয়ন পরিষদের সাবেক চেয়ারম্যান এবং আওয়ামী লীগ নেতা খায়রুল ইসলাম প্রমুখ। পরে শাহজাহান খান উপজেলার হেমনগরে অপর একটি নির্বাচনী জনসভায় প্রধান অতিথি হিসাবে বক্তব্য রাখেন।",0,0,1,False
" দ্বাদশ জাতীয় সংসদ নির্বাচনে অংশ নেয়া প্রার্থীদের অস্বাভাবিক সম্পদ বৃদ্ধি পাওয়ার তথ্য হলফনামায় প্রকাশ হলেও তাদের (প্রার্থীদের) ইমেজের কথা ভেবে ভোটের আগে কোনো ব্যবস্থা না নেয়ার সিদ্ধান্ত নিয়েছে দুর্নীতি দমন কমিশন (দুদক)। তবে নির্বাচনের পর প্রার্থীদের হলফনামা পর্যালোচনা করে অস্বাভাবিক কিছু পাওয়া গেলে প্রয়োজনে অনুসন্ধানের সিদ্ধান্ত নেয়া হবে। সোমবার (১ জানুয়ারি) দুপুরে রাজধানীর সেগুনবাগিচায় দুদকের প্রধান কার্যালয়ের সম্মেলন কক্ষে এমজিআই-রিপোর্টার্স এগেইনস্ট করাপশন (র‌্যাক) বেস্ট রিপোর্টিং অ্যাওয়ার্ড অনুষ্ঠানে এসব কথা বলেন সংস্থাটির চেয়ারম্যান মোহাম্মদ মঈনউদ্দীন আবদুল্লাহ। হলফনামা প্রসঙ্গে দুদক চেয়ারম্যান বলেন, নির্বাচন ৭ জানুয়ারি অনুষ্ঠিত হবে। আর ৬ দিন বাকী আছে। নির্বাচনটা সম্পন্ন হোক। এখন অনেক তথ্য আছে, কোনো একজনের হয়তো দুই লাখ টাকা ছিল, এখন এক কোটি টাকা হয়ে গেছে। প্রায় ৫০ গুণ অর্থ সম্পদ বেড়েছে। একজন সংসদ সদস্য মাসে কত টাকা ভাতা, বিভিন্ন অ্যালাউন্স পান, সেটা যদি যোগ করি এক কোটি টাকা হতেই পারে। এগুলো ধরে সঙ্গে সঙ্গে যদি অনুসন্ধান শুরু করি তার ইমেজটা কী হবে। তিনি বলেন, সম্পদ যদি বাড়ে এটা তামাদি হয়ে যাবে না। নির্বাচনটা শেষ হোক, সত্য-মিথ্যা যা আছে, এটা প্রমাণ করার সুযোগ তো আছেই।পরে দুর্নীতিবিরোধী সাংবাদিকতায় এমজিআই-র‌্যাক বেস্ট রিপোর্টিং অ্যাওয়ার্ড-২০২৩ পাওয়া তিনজন সাংবাদিকের হাতে পুরস্কার ও সম্মাননা স্মারক তুলে দেন দুদক চেয়ারম্যান। এ সময় দুদক কমিশনার মো. জহুরুল হক ও আছিয়া খাতুন এবং দুদক সচিব মো. মাহবুব হোসেনসহ কমিশনের ঊর্ধ্বতন কর্মকর্তারা উপস্থিত ছিলেন। দুর্নীতিবিরোধী বেস্ট রিপোর্টিয়ে পুরস্কার পাওয়া তিনজন হলেন- টেলিভিশন ক্যাটাগরিতে মাইটিভির মাহবুব সৈকত, প্রিন্ট ক্যাটাগরিতে দৈনিক বাংলার নুরুজ্জামান লাবু এবং অনলাইন ক্যাটাগরিতে ঢাকা পোস্টের এফ এম আবদুর রহমান মাসুম।",0,0,1,False
" বিভিন্ন সামাজিক যোগাযোগ মাধ্যমে দ্বাদশ জাতীয় সংসদ নির্বাচন উপলক্ষে ৫-৮ জানুয়ারি ছুটি ঘোষণা সংক্রান্ত প্রজ্ঞাপনটি বানোয়াট বলে জানিয়েছেন সরকারের জনপ্রশাসন মন্ত্রণালয়। ওই প্রজ্ঞাপনটি আমলে না নেওয়ার অনুরোধ করেছেন তারা। এর আগে গত ২৮ ডিসেম্বর জনপ্রশাসন মন্ত্রণালয়ের উপ-সচিব সোনিয়া হাসান স্বাক্ষরিত প্রজ্ঞাপনে এক দিনের সাধারণ ছুটি ঘোষণা করা হয়। ওই প্রজ্ঞাপনে বলা হয়, বাংলাদেশ নির্বাচন কমিশন সচিবালয়ের চাহিদা মোতাবেক দ্বাদশ জাতীয় সংসদ নির্বাচন উপলক্ষে রোববার (৭ জানুয়ারি) সব সরকারি, আধাসরকারি, স্বায়ত্তশাসিত ও বেসরকারি অফিস/প্রতিষ্ঠান/সংস্থার কর্মকর্তা/কর্মচারী এবং সরকারি-বেসরকারি শিক্ষাপ্রতিষ্ঠানের শিক্ষক/কর্মকর্তা/কর্মচারীদের ভোটাধিকার প্রয়োগ ও ভোটগ্রহণের সুবিধার্থে সারা দেশে নির্বাচনকালীন সাধারণ ছুটি ঘোষণা করা হলো।কিন্তু নির্বাচনী ছুটি নিয়ে সামাজিক যোগাযোগ মাধ্যমে একটি ভুয়া প্রজ্ঞাপন ছড়িয়ে পড়ে। এর পরিপ্রেক্ষিতে জনপ্রশাসন মন্ত্রণালয়ের যুগ্ম সচিব খালেদ মোহাম্মদ জাকী বুধবার (৩ জানুয়ারি) এক বিজ্ঞপ্তি জারি করেন। বিজ্ঞপ্তিটিতে বলা হয়, দ্বাদশ জাতীয় সংসদ নির্বাচন উপলক্ষে ৭ জানুয়ারি রবিবার সব সরকারি, আধাসরকারি, স্বায়ত্তশাসিত ও বেসরকারি অফিস/প্রতিষ্ঠান/সংস্থায় কর্মরত কর্মকর্তা/কর্মচারী এবং সরকারি-বেসরকারি শিক্ষাপ্রতিষ্ঠানের শিক্ষক/কর্মকর্তা/কর্মচারীদের ভোটাধিকার প্রয়োগ ও ভোটগ্রহণের সুবিধার্থে সারা দেশে নির্বাচনকালীন সাধারণ ছুটি ঘোষণা করা হয়েছে। প্রজ্ঞাপনটি জনপ্রশাসন মন্ত্রণালয়ের ওয়েবসাইটেও (www.mopa.gov.bd) দেয়া হয়েছে।কিন্তু বিভিন্ন সামাজিক যোগাযোগ মাধ্যমে দ্বাদশ জাতীয় সংসদ নির্বাচন উপলক্ষে ৫-৮ জানুয়ারি ২০২৪ তারিখ ছুটি ঘোষণা সংক্রান্ত একটি বানোয়াট প্রজ্ঞাপন প্রচার করা হচ্ছে। এটি জনপ্রশাসন মন্ত্রণালয় কর্তৃক জারীকৃত নয় বলে নিশ্চিত করা হয়েছে। এই প্রজ্ঞাপনটি আমলে না নেওয়ার জন্য সবাইকে অনুরোধ করা হয়েছে।",0,0,1,False
" দ্বাদশ জাতীয় সংসদ নির্বাচনে সরকার গঠন করতে যাচ্ছে আওয়ামী লীগ। বৃহস্পতিবার (১১ জানুয়ারি) থেকে যাত্রা শুরু হচ্ছে নতুন সরকারের। বৃহস্পতিবার সন্ধ্যা ৭ টায় বঙ্গভবনে শপথ নেবেন প্রধানমন্ত্রী ও তার মন্ত্রীপরিষদ। বুধবার (১০ জানুয়ারি) আওয়ামী লীগ সংসদীয় দলের নেতা শেখ হাসিনাকে প্রধানমন্ত্রী হিসেবে নিয়োগ দিয়ে প্রজ্ঞাপন জারি করেন রাষ্ট্রপতি। এছাড়া মন্ত্রী-প্রতিমন্ত্রী হিসেবে ৩৬ জনকে নিয়োগ দেয়া হয়েছে। তাদের মধ্যে ২৫ জন পূর্ণমন্ত্রী ও ১১ জন প্রতিমন্ত্রী। যারা বাদ পড়লেন- কৃষিমন্ত্রী ড. আব্দুর রাজ্জাক, অর্থমন্ত্রী আ হ ম মুস্তফা কামাল, পররাষ্ট্রমন্ত্রী ড. একে মোমেন, পরিকল্পনা মন্ত্রী এম এ মান্নান, বস্ত্র ও পাট মন্ত্রী গোলাম দস্তগীর গাজী, স্বাস্থ্যমন্ত্রী জাহিদ মালেক, বাণিজ্য মন্ত্রী টিপু মুনশী, সমাজ কল্যাণ মন্ত্রী নুরুজ্জামান আহমেদ, মৎস্য ও প্রাণী সম্পদ মন্ত্রী শ ম রেজাউল করিম, বন ও পরিবেশ মন্ত্রী মো. সাহাব উদ্দিন, পার্বত্য চট্টগ্রাম বিষয়ক মন্ত্রী বীর বাহাদুর উশৈ সিং, ভূমিমন্ত্রী সাইফুজ্জামান চৌধুরী, রেলপথ মন্ত্রী নুরুল ইসলাম সুজন, প্রবাসী কল্যাণ ও কর্মসংস্থান মন্ত্রী ইমরান আহমেদ।    বাদ পড়া প্রতিমন্ত্রীরা হলেন- শিল্প প্রতিমন্ত্রী কামাল আহমেদ মজুমদার, যুব ও ক্রীড়া প্রতিমন্ত্রী জাহিদ আহসান রাসেল, সমাজ কল্যাণ প্রতিমন্ত্রী আশরাফ আলী খান খসরু, শ্রম ও কর্মসংস্থান প্রতিমন্ত্রী মুন্নুজান সুফিয়ান, প্রাথমিক ও গণশিক্ষা প্রতিমন্ত্রী জাকির হোসেন, পররাষ্ট্র প্রতিমন্ত্রী শাহরিয়ার আলম, পল্লী উন্নয়ন ও সমবায় প্রতিমন্ত্রী স্বপন ভট্টাচার্য, গৃহায়ণ ও গণপূর্ত প্রতিমন্ত্রী শরীফ আহমেদ, সংস্কৃতি বিষয়ক প্রতিমন্ত্রী কে এম খালিদ, দুর্যোগ ব্যবস্থাপনা ও ত্রাণ প্রতিমন্ত্রী ডা. এনামুর রহমান, বেসামরিক বিমান পরিবহন ও পর্যটন প্রতিমন্ত্রী মাহবুব আলী, মহিলা ও শিশু বিষয়ক প্রতিমন্ত্রী ফজিলাতুন নেছা।এছাড়া দুই জন উপ-মন্ত্রী বাদ গেছেন তারা হলেন- বন ও পরিবেশ বিষয়ক উপমন্ত্রী হাবিবুন নাহার ও পানি সম্পদ উপমন্ত্রী একে এম এনামুল হক শামীম।",0,0,1,False
" সমৃদ্ধ বাংলাদেশ গড়তে এবং এদেশের মানুষের ভাগ‍্যোন্নয়নে আওয়ামী লীগ সরকার নিরলসভাবে কাজ করে যাচ্ছেন। মানুষের ভোটাধিকার প্রয়োগের মাধ‍্যমে এ সরকার টানা চতুর্থবারের মতো ক্ষমতায় এসেছে। আবারও সরকার গঠন করেছে। আওয়ামী লীগ সরকারকে ক্ষমতাচ্যুত করার জন‍্য বিএনপি নির্বাচন বানচালের চেষ্টা করে ব‍্যর্থ হয়েছে। বিদেশিদের কাছে নালিশ করেও কোন লাভ হয়নি বলে বলেছেন স্থানীয় সরকার মন্ত্রী মো. তাজুল ইসলাম।শনিবার (২০ জানুয়ারি) বিকেলে দ্বিতীয়বারের মতো একই মন্ত্রণালয়ের মন্ত্রী হওয়ায় লাকসাম উপজেলা ও পৌর আওয়ামী লীগ এবং সহযোগী সংগঠনের আয়োজনে দলীয় কার্যালয়ে ফুলেল শুভেচ্ছা ও বিভিন্ন সংগঠন এবং পেশাজীবীদের সঙ্গে মতবিনিময় কালে মন্ত্রী এসব কথা বলেন। উপজেলা আওয়ামী লীগের সভাপতি ও উপজেলা পরিষদের চেয়ারম্যান এডভোকেট ইউনুছ ভূঁইয়ার সভাপতিত্বে অনুষ্ঠানে উপস্থিত ছিলেন- উপজেলা আওয়ামী লীগের সহ-সভাপতি এডভোকেট আবু তাহের, ঢাকাস্থ লাকসাম-মনোহরগঞ্জ বঙ্গবন্ধু পরিষদের সভাপতি অহিদ উল্ল‍্যাহ মজুমদার, উপজেলা আওয়ামী লীগের সাধারণ সম্পাদক ও উপজেলা পরিষদের ভাইস চেয়ারম্যান মহব্বত আলী, পৌরসভা আওয়ামী লীগের সভাপতি তাবারক উল্ল‍্যাহ কায়েস, সাধারণ সম্পাদক এডভোকেট রফিকুল ইসলাম হিরা, উপজেলা যুবলীগের আহবায়ক ও পৌর মেয়র অধ্যাপক মো. আবুল খায়ের, উপজেলা স্বেচ্ছাসেবক লীগ সভাপতি ও ইউপি চেয়ারম্যান নিজাম উদ্দিন শামীম প্রমুখ। মতবিনিময় অনুষ্ঠানে মন্ত্রী বলেন, ২০০১ থেকে ২০০৬ সাল পর্যন্ত বিএনপি সরকার ক্ষমতায় থেকে এদেশের উল্লেখযোগ্য কোন উন্নয়ন করতে পারেনি। ২০০৮ সালে আওয়ামী লীগ সরকার ক্ষমতায় এসে দেশে অভূতপূর্ব উন্নয়ন করার কারণে এদেশের মানুষ বারবার আওয়ামী লীগ সরকারকে ক্ষমতায় অধিষ্ঠিত করেছে। ফলে টানা চারবার সরকার গঠন করতে সক্ষম হয়েছে আওয়ামী লীগ। বিএনপিকে মানুষ বিশ্বাস করেনা বলেই তারা ভয়ে নির্বাচনে আসেনা। তারা মানুষের মনের কথা বুঝেনা বলেই সহিংসতা করে ক্ষমতায় আসতে চেয়েছিল। অগ্নি সন্ত্রাসের মাধ‍্যমে কত মানুষকে পুড়িয়ে মেরেছে তারা। প্রধান বিচারপতির বাসভবনে তারা হামলা করেছে। রাস্তায় প্রকাশ‍্যে পিটিয়ে পুলিশ মেরেছে। বিএনপি ক্ষমতায় আসলে এদেশকে নরকে পরিণত করবে বলেই এদেশের সাধারণ মানুষ তাদের বারবার প্রত্যাখ্যান করেছে। মন্ত্রী আরো বলেন, আওয়ামী লীগ সরকার ক্ষমতায় থাকলে মানুষের ভাগ‍্যের উন্নয়ন হয়। দেশের উন্নয়ন হয়। পদ্মা সেতু, মেট্রোরেল, বঙ্গবন্ধু ট‍্যানেল, পারমাণবিক বিদ‍্যুৎ কেন্দ্র, পায়রা সমুদ্র বন্দর, এক্সপ্রেস এলিভেটেড অন‍্যতম নজির। এছাড়াও বাংলাদেশ এখন খাদ‍্যেও স্বয়ংসম্পন্ন। এদেশের উন্নয়ন দেখলে বাংলাদেশকে ইউরোপের মতো মনে হয়। বিদেশীরাও আমাদের প্রশংসা করছে। আওয়ামী লীগ সরকার বারবার ক্ষমতায় থাকলে বঙ্গবন্ধু কন‍্যা জননেত্রী প্রধানমন্ত্রী শেখ হাসিনার বলিষ্ঠ নেতৃত্বে এদেশের উন্নয়ন অগ্রযাত্রা অব‍্যাহত থাকবে ইনশাআল্লাহ। ",0,0,1,False
" মার্কিন রাষ্ট্রদূত পিটার হাস বলেছেন, ওয়াশিংটন আগামী দিনে বাণিজ্য, জলবায়ু পরিবর্তন ও রোহিঙ্গা ইস্যুতে বাংলাদেশের নতুন সরকারের সঙ্গে ঘনিষ্ঠভাবে কাজ করবে।  বুধবার (১৭ জানুয়ারি) নবনিযুক্ত পররাষ্ট্রমন্ত্রী ডা. হাছান মাহমুদের সঙ্গে পিটার হাসের প্রথম বৈঠকের পর তিনি সাংবাদিকদের বলেন, ‘আগামী মাসগুলোতে আমাদের পারস্পরিক স্বার্থকে এগিয়ে নিতে (বাংলাদেশের সাথে) ঘনিষ্ঠভাবে কাজ করার জন্য আমি উন্মুখ।’রাষ্ট্রদূত বলেন, যুক্তরাষ্ট্র ও বাংলাদেশ কীভাবে ভবিষ্যতে একসঙ্গে কাজ করবে সে বিষয়ে নতুন মন্ত্রীর সঙ্গে তার সূচনা বৈঠক হয়েছে। তিনি বলেন, ‘আমরা বাংলাদেশ-মার্কিন সম্পর্কের ভবিষ্যত ও কীভাবে আমরা পারস্পরিক গুরুত্বপূর্ণ বিষয়- যেমন ব্যবসার সুযোগ সম্প্রসারণ ও রোহিঙ্গাদের বিষয়ে একসঙ্গে কাজ করার ব্যাপারে কথা বলেছি।’উল্লেখ্য, গত ৭ জানুয়ারির ভোটে ২২৩টি আসনে জিতে টানা চতুর্থবারের মত সরকার গঠন করেছে আওয়ামী লীগ। এ নির্বাচন নিয়ে বিদেশি পর্যবেক্ষকদের একাংশ সন্তোষ প্রকাশ করলেও ভোট ‘সুষ্ঠু হয়নি’ বলে বিবৃতিতে দেয় যুক্তরাষ্ট্র ও যুক্তরাজ্য।ভোটের পর দেশটির পররাষ্ট্র দপ্তরের মুখপাত্র ম্যাথু মিলার এক বিবৃতিতে বলেন, “যুক্তরাষ্ট্র বাংলাদেশের বিরোধী রাজনৈতিক দলের হাজারো সদস্যদের গ্রেপ্তার ও নির্বাচনের অনিয়মের খবরে উদ্বিগ্ন। অন্যান্য পর্যবেক্ষকদের সঙ্গে যুক্তরাষ্ট্র একমত যে, এই নির্বাচন অবাধ বা সুষ্ঠু হয়নি এবং সব দল এতে অংশ না নেওয়ায় আমরা হতাশ।” এর আগে বাংলাদেশের গণতান্ত্রিক নির্বাচন প্রক্রিয়াকে বাধাগ্রস্ত করার জন্য দায়ী ব্যক্তিদের বিরুদ্ধে ভিসা নিষেধাজ্ঞা আরোপের কথা জানিয়েছিল যুক্তরাষ্ট্র।",0,0,1,False
" দেশের মানুষ এবারের নির্বাচন গ্রহণ করেছে এমন মন্তব্য করে আওয়ামী লীগ সভাপতি ও প্রধানমন্ত্রী শেখ হাসিনা বলেছেন, এবারের নির্বাচন নতুন ইতিহাস সৃষ্টি করেছে। দেশে-বিদেশে দ্বাদশ জাতীয় সংসদ নির্বাচন গ্রহণযোগ্যতা পেয়েছে। ভোটের মাধ্যমে জনগণের মতের প্রতিফলন ঘটেছে। কিন্তু কিছু আঁতেল নির্বাচন নিয়ে ধুম্ররজাল সৃষ্টির চেষ্টা করছে। সোমবার (২২ জানুয়ারি) রাতে গণভবনে আওয়ামী লীগের কেন্দ্রীয় কার্যনির্বাহী সংসদের জরুরি সভায় সূচনা বক্তব্যে এসব কথা বলেন তিনি। ভরা মৌসুমে চালের দাম কেন বাড়ছে, এমন প্রশ্ন রেখে এর পেছনের চক্রটিকে খুঁজে বের করার নির্দেশনা দেন তিনি।আওয়ামী লীগ সভাপতি শেখ হাসিনার সভাপতিত্বে অনুষ্ঠিত এ সভায় দলের কেন্দ্রীয় কার্যনির্বাহী সংসদের সদস্যরা উপস্থিত ছিলেন। প্রধানমন্ত্রীর সূচনা বক্তব্যের পর রুদ্ধদ্বার বৈঠক অনুষ্ঠিত হয়।সূচনা বক্তব্যে প্রধানমন্ত্রী বলেন, বাংলাদেশের উন্নয়নে স্থিতিশীল পরিবেশের জন্য এবারের নির্বাচন জরুরি ছিলো। তিনি বলেন, ভোট হতে দেবে না, ভোটকেন্দ্রে যেতে দেবে না, এমন হুমকির মধ্যেও জনগণ স্বতঃস্ফূর্তভাবে তাদের ভোটাধিকার প্রয়োগ করেছে।নির্বাচনে অংশ নেয়া প্রতিটি রাজনৈতিক দলের নিজস্ব বিষয় উল্লেখ করে প্রধানমন্ত্রী বলেন, নির্বাচন করা না করার সিদ্ধান্ত নির্ভর করে রাজনৈতিক দলের ওপর। এ দেশের মানুষ এবারের ভোটগ্রহণ করেছে। হ্যাঁ এই নির্বাচন অনেকের পছন্দ না-ও হতে পারে। কিন্তু মানুষ তো ভোট দিয়েছে। অথচ কিছু আঁতেল ভোট নিয়ে ধুম্রজাল তৈরির চেষ্টা করে যাচ্ছে।অবৈধ মজুতদারদের বিরুদ্ধে হুঁশিয়ারি উচ্চারণ করে শেখ হাসিনা বলেন, ভোটের পর হঠাৎ দেখলাম বাজারে চালের দাম বেড়ে গেল। ভরা মৌসুমে কেন চালের দাম বেড়ে গেল, এই চক্রকে খুঁজে বের করা হবে। অস্বাভাবিকভাবে দুরভিসন্ধিমূলক কোনো মজুত পাওয়া গেলে প্রয়োজনে মোবাইল কোর্ট চালিয়ে ওদেরকে জেলে দেয়া হবে। মজুতদারদের রুখতে সাধারণ মানুষকেও এগিয়ে আসার আহ্বান জানিয়ে তিনি বলেন, মজুতদারি করে কেউ যাতে মানুষের খাবার নিয়ে খবরদারি করতে না পারে, সেদিকে খেয়াল রাখতে হবে। কোথাও কোনো অস্বাভাবিক কিছু দেখলে সঙ্গে সঙ্গে সংশ্লিষ্ট সংস্থাগুলোকে জানাতে হবে।প্রধানমন্ত্রী বলেন, নির্বাচন বানচালে ব্যর্থ হয়ে বিএনপি অন্যভাবে কিছু করার চেষ্টা চালাচ্ছে। তবে আমরা সরকারের শুভফল মানুষের কাছে পৌঁছে দিতে চাই।",0,0,1,False
" নির্বাচন ব্যবস্থার ওপর জনগণের আস্থা অনেকটা কমে গেছে বলে মন্তব্য করেছেন প্রধান নির্বাচন কমিশনার (সিইসি) কাজী হাবিবুল আউয়াল। আজ বৃহস্পতিবার নির্বাচন ভবনের অডিটোরিয়ামে আয়োজিত ‘দ্বাদশ জাতীয় সংসদ নির্বাচন সুষ্ঠু ও সফলভাবে সম্পন্ন করায়’ ধন্যবাদ জ্ঞাপন অনুষ্ঠানে প্রধান অতিথির বক্তব্যে তিনি এ মন্তব্য করেন।কাজী হাবিবুল আউয়াল বলেন, ‘সরকারের সহায়তা ছাড়া এতো বড় কর্মযজ্ঞ সফল করা সম্ভব ছিল না। আমাদের অপবাদ, বদনাম দুটোই নিতে হবে। উদ্বেগ, সংকট থেকে জাতি উঠে এসেছে। তবে এটা স্থায়ী সমাধান নয়। রাজনীতিবিদদের যদি আস্থা না থাকে তাহলে নির্বাচন কমিশনের গ্রহণযোগ্যতা থাকে না।’তিনি আরও বলেন, ‘নির্বাচন খুব যে অংশগ্রহণমূলক হয়েছে তা নয়। একটি বড় দল শুধু বর্জন করেনি, প্রতিহত করতে চেয়েছিল। নির্বাচন উঠিয়ে আনায় জাতি স্বস্তিবোধ করছে, আমরা স্বস্তিবোধ করছি। তবে নির্বাচন ব্যবস্থার ওপর জনগণের আস্থা অনেকটা কমে গেছে।’নির্বাচন কমিশনার মো. আহসান হাবিব খান বলেন, ‘ঈমানের সঙ্গে কাজ করে সফল হয়েছি। যে স্ট্যান্ডার্ডে পৌঁছেছি, সে স্ট্যান্ডার্ড থেকে নামতে পারব না। আমরা দেখিয়ে দেব, কীভাবে এই কমিশন কাজ করে, যা ভবিষ্যতের জন্য অনুকরণীয় হয়ে থাকবে।’নির্বাচন কমিশনার রাশেদা সুলতানা বলেন, ‘আমরা একটা ভালো নির্বাচন করতে চেয়েছিলাম। না করতে পারলে হয়তো আমরা একটা সিদ্ধান্ত নিতাম। আমাদের সরকার সহায়তা দিয়েছে। না হলে একভাবে কাজ করা সম্ভব হতো না। আশা করি, মান-সম্মানের সঙ্গে চলে যেতে পারব।’নির্বাচন কমিশনার মো. আলমগীর বলেন, ‘দলগুলো যারা অংশগ্রহণ করেছে তারা এবং সরকার, সবাই আন্তরিকভাবে সহযোগিতা করেছে। আনসার থেকে শুরু করে সবাই সহায়তা করেছে। সকলের সহযোগিতা যদি না পেতাম, সুষ্ঠুভাবে নির্বাচন করতে পারতাম না। সব দল অংশগ্রহণ করলে নির্বাচন আরও গ্রহণযোগ্য হতো।’নির্বাচন কমিশনার মো. আনিছুর রহমান বলেন, ‘আমরা দৃঢ়তার সঙ্গে ছিলাম অবাধ, সুষ্ঠু ও শান্তিপূর্ণ নির্বাচন করতে না পারলে, আমরা আমাদের সিদ্ধান্ত নেব।’",0,0,1,False
" দ্বাদশ জাতীয় সংসদ নির্বাচন অবাধ ও অন্তর্ভুক্তিমূলক হয়নি বলে দাবি করেছে ট্রান্সপারেন্সি ইন্টারন্যাশনাল বাংলাদেশ (টিআইবি)। ‘দ্বাদশ জাতীয় সংসদ নির্বাচন প্রক্রিয়া ট্রাকিং’শীর্ষক এক গবেষণা প্রতিবেদনে এই দাবি করেছে টিআইবি।আজ বুধবার রাজধানীর ধানমন্ডিতে নিজেদের কার্যালয়ে এই গবেষণা প্রতিবেদন উপস্থাপন করেন টিআইবির গবেষক মাহফুজুর হক, নেওয়াজুল মওলা ও সাজেদুল ইসলাম।প্রতিবেদনে বলা হয়, নির্বাচনে শেষের এক ঘণ্টায় ১৫.৪৩ শতাংশ ভোটসহ মোট ৪১.৮ শতাংশ ভোট পড়া বিতর্কের জন্ম দিয়েছে। অন্যদিকে, বিএনপিসহ ১৫টি নিবন্ধিত দলের অনুপস্থিতি ও তাদের নির্বাচন বর্জনের কারণে অন্তত ২৪১টি আসনে প্রতিদ্বন্দ্বিতা হয়নি।সংস্থাটির মতে, নির্বাচন প্রতিদ্বন্দ্বিতা পূর্ণ এবং অংশগ্রহণমূলক দেখাতে নিজ দলীয় স্বতন্ত্র প্রার্থী দিয়ে নির্বাচন করলেও বেশিরভাগ আসনে নির্বাচন প্রতিদ্বন্দ্বিতাপূর্ণ হয়নি।গবেষণা প্রতিবেদনে আরও বলা হয়, সারাদেশে অধিকাংশ ভোটকেন্দ্রে আওয়ামী লীগ এবং স্বতন্ত্র প্রার্থী ছাড়া অন্য দলের প্রার্থীদের পোলিং এজেন্ট ছিল না। প্রতিপক্ষের প্রার্থীদের এজেন্টদের হুমকির মাধ্যমে কেন্দ্রে প্রবেশ করা থেকে বিরত রাখা হয়।টিআইবি জানায়, এটি ছিল নির্বাচন কেন্দ্রীক প্রাথমিক গবেষণা প্রতিবেদন। পরবর্তীতে চূড়ান্ত প্রতিবেদন প্রকাশ করা হবে। গবেষণায় ৫০টি আসন দৈবচয়ন পদ্ধতিতে বাছাই করে প্রত্যক্ষ ও পরোক্ষভাবে সকল বিষয়ের তথ্য-উপাত্ত নেওয়া হয়েছে।",0,0,1,False
" জাতিসংঘের প্রেস ব্রিফিংয়ে আবারও উঠে এসেছে বাংলাদেশের নির্বাচন প্রসঙ্গ। স্থানীয় সময় সোমবার সাংবাদিকের এক প্রশ্নের জবাবে জাতিসংঘ মহাসচিব অ্যান্তোনিও গুতেরেসের মুখপাত্র স্টিফেন ডুজারিক সব ধরনের সহিংসতা প্রত্যাখ্যান, সব মানবাধিকার এবং আইনের শাসনকে সম্মান নিশ্চিত করার আহ্বান জানান।নির্বাচনের সময় বিএনপির কার্যক্রম নিয়ে প্রশ্ন করা হলে মুখপাত্র স্টিফেন ডুজারিক বলেন, ‘আগে যা বলেছি তা আবারও পুনরাবৃত্তি করব- আমরা দলগুলোকে সব ধরনের সহিংসতা প্রত্যাখ্যান করতে ও সব মানবাধিকার এবং আইনের শাসনকে সম্মান নিশ্চিত করার আহ্বান জানাই।’অপর এক প্রশ্নে নির্বাচনের আগে গণপরিবহনে আগুন দেওয়ার বিষয়ে প্রশ্ন করা হলে তিনি বলেন, ‘আমরা কোনো সহিংসতাকে প্রশ্রয় দিই না তা নির্বিশেষে যেই করুক না কেন।’এর আগে গত ৯ জানুয়ারি সাংবাদিকের এক প্রশ্নের জবাবে স্টিফেন ডুজারিক বাংলাদেশে গণতন্ত্র সুসংহত ও অর্থনৈতিক অগ্রগতির জন্য প্রতিটি মানুষের মানবাধিকার নিয়ে কথা বলেন।ওইদিন স্টিফেন ডুজারিকের কাছে এক সাংবাদিক জানতে চান- নির্বাচনের নামে শাসকগোষ্ঠীর বেপরোয়া দমনপীড়নের শিকার হচ্ছেন বাংলাদেশের জনগণ। নিষ্পেষিত এবং ভোটাধিকার বঞ্চিত জনগণের পাশে দাঁড়াতে কী ব্যবস্থা নিচ্ছেন জাতিসংঘ মহাসচিব, যেখানে আমরা প্রত্যক্ষ করেছি সপ্তাহান্তে বাংলাদেশে সব বড় রাজনৈতিক দলের ভোট বর্জন, ভোট জালিয়াতি, ভীতি প্রদর্শনের মাধ্যমে একপক্ষীয় ডামি নির্বাচন হয়েছে।তার এ প্রশ্নের জবাবে স্টিফেন ডুজারিক বলেন, ‘আগেই আমি বলেছি মহাসচিব একেবারে প্রকাশ্যে সব দলের প্রতি আহ্বান জানিয়েছেন, সব রকম সহিংসতা বন্ধ ও প্রতিটি মানুষের মানবাধিকার নিশ্চিত করতে। একই সঙ্গে প্রতিটি মানুষের আইনি সুবিধা পাওয়ার ক্ষেত্রে পূর্ণাঙ্গ সম্মান নিশ্চিত করতে। বাংলাদেশে গণতন্ত্র সুসংহত এবং অর্থনৈতিক সমৃদ্ধি নিশ্চিত করতে এটা অত্যাবশ্যক। আমরা যেসব সহিংসতা দেখেছি, তাতে অবশ্যই উদ্বিগ্ন মহাসচিব।’",0,0,1,False
" বাংলাদেশে নিরপেক্ষ সরকারের অধীনে নতুন নির্বাচনের আহ্বান জানিয়ে একটি যৌথ বিবৃতি দিয়েছে ছয়টি আন্তর্জাতিক সংগঠন। বিবৃতিতে রাজবন্দিদের মুক্তি দেওয়ার আহ্বান জানানো হয়েছে। বলা হয়েছে, গত ৭ জানুয়ারি অনুষ্ঠিত নির্বাচন যথাযথ বা প্রতিদ্বন্দ্বিতামূলক হয়নি।বিবৃতি দেওয়া সংগঠনগুলো হলো- এশিয়ান নেটওয়ার্ক ফর ফ্রি ইলেকশনস (এএনএফআরইএল), ওয়ার্ল্ড অ্যালায়েন্স ফর সিটিজেনপার্টিসিপেশন (সিআইভিআইসিইউএস),ইন্টারন্যাশনাল ফেডারেশন ফর হিউম্যানরাইটস (এফআইডিএইচ), এশিয়ান ডেমোক্রেসি নেটওয়ার্ক (এডিএন), ক্যাপিটাল পানিশমেন্ট জাস্টিস প্রোজেক্ট (অস্ট্রেলিয়া) ও অ্যান্টি-ডেথ পেনাল্টি এশিয়া নেটওয়ার্ক (এডিপিএএন)। গতকাল শুক্রবার এই যৌথ বিবৃতি দিয়েছে সংগঠনগুলো।যৌথ বিবৃতিতে বলা হয়েছে, এমন বহু খবর ও তথ্য-প্রমাণ আছে, যেগুলো নির্বাচনের আগে ও নির্বাচনের দিন ব্যাপক অনিয়মের চিত্র দেয়। এর মধ্যে ভোটারদের চাপ প্রয়োগ এবং ভোটের ফলাফলে কারচুপির মতো বিষয়ও রয়েছে। নির্বাচন সামনে রেখে বেপরোয়াভাবে বিরোধীদের কণ্ঠ রোধ এবং রাজনৈতিক ভিন্নমতাবলম্বীদের দমনের ঘটনা ছিল উদ্বেগজনক।বিবৃতিতে বলা হয়েছে, সভা-সমাবেশের স্বাধীনতার অধিকার, শান্তিপূর্ণ সমাবেশের অধিকার এবং মতপ্রকাশের স্বাধীনতা শুধু সরকারপন্থি দল, সংগঠন ও ব্যক্তিদের ক্ষেত্রে রক্ষিত হয়েছে। পক্ষান্তরে বিরোধী নেতাকর্মী ও ভিন্নমতাবলম্বীদের ক্ষেত্রে এসব মৌলিক অধিকার প্রাতিষ্ঠানিক প্রক্রিয়ার মধ্য দিয়ে ধারাবাহিকভাবে সীমিত রাখা হয়েছিল। বাংলাদেশ জাতীয়তাবাদী দল (বিএনপি), বাম গণতান্ত্রিক জোট, গণতন্ত্র মঞ্চসহ প্রধান বিরোধী রাজনৈতিক দল ও জোটগুলো নির্বাচন বর্জন করেছে। নির্বাচন কমিশনসহ রাষ্ট্রীয় প্রতিষ্ঠানগুলোতে পক্ষপাতমূলক অবস্থান, নির্বাচন প্রক্রিয়ায় সুস্পষ্ট পক্ষপাত এবং বিরোধী নেতাকর্মীদের দমন-পীড়নের কারণে তারা নির্বাচন বর্জনের সিদ্ধান্ত নেয়।নির্বাচন কমিশন ৪১ দশমিক ৮ শতাংশ ভোট পড়েছে বলে যে তথ্য দিয়েছে, তা নিয়েও প্রশ্ন রয়েছে। একটি অংশগ্রহণমূলক শাসনব্যবস্থা নিশ্চিত করার লক্ষ্যে আমরা একটি অবাধ ও সুষ্ঠু নির্বাচনের প্রয়োজনীয়তার ওপর গুরুত্বারোপ করছি। আমরা বাংলাদেশের সরকারের প্রতি একটি অবাধ, সুষ্ঠু, অংশগ্রহণমূলক ও অন্তর্ভুক্তিমূলক নতুন নির্বাচন অনুষ্ঠানের জন্য পদক্ষেপ নিতে জোরালো আহ্বান জানাচ্ছি।",0,0,1,False
" দ্বাদশ জাতীয় সংসদ নির্বাচন দেশের জনগণ একচেটিয়াভাবে প্রত্যাখ্যান করেছে বলে দাবি করেছে বিএনপি। তাই নিরপেক্ষ সরকারের অধীনে নতুন নির্বাচনের দাবির পক্ষে জনগণকে সম্পৃক্ত করতে আগামীকাল মঙ্গলবার ও পরের দিন বুধবার দুই দিনের গণসংযোগ কর্মসূচি পালন করবে দলটি।আজ সোমবার দুপুরে গুলশানে বিএনপি চেয়ারপারসনের রাজনৈতিক কার্যালয়ে আয়োজিত সংবাদ সম্মেলনে এ কর্মসূচি ঘোষণা করেন দলটির স্থায়ী কমিটির সদস্য ড. আব্দুল মঈন খান।ড. মঈন খান বলেন, ‘দেশের জনগণ একচেটিয়াভাবে এ নির্বাচন প্রত্যাখ্যান করেছে। ৬৩টি রাজনৈতিক দল এ নির্বাচনে অংশ নেয়নি, এ জন্য আমি সবাইকে ধন্যবাদ জানাচ্ছি।’তিনি বলেন, ‘আওয়ামী লীগ ডামি নির্বাচন করেছে, ডামি প্রার্থী দিয়েছে, ডামি পর্যবেক্ষক দিয়েছে, তবু ভোটারদের ভোট কেন্দ্রে নিতে পারেনি। সরকারের প্রতি যদি মানুষের আস্থা থাকত মানুষ নিজেই ভোট দিতে আসত।’৪০ শতাংশ ভোট নিয়ে নির্বাচন কমিশনের বক্তব্য প্রসঙ্গে বিএনপির স্থায়ী কমিটির এ সদস্য বলেন, ‘প্রথমে বলা হলো ২৭ দশমিক ১৫ পার্সেন্ট ভোট পড়েছে। টেকনোলজির কল্যাণে জানা গেছে, পাশ থেকে এক কর্মকর্তা বলছেন ৪০ পারসেন্ট বলতে হবে।’তিনি বলেন, ‘জনগণ ডামি নির্বাচন বর্জন করে প্রমাণ করেছে দ্বাদশ জাতীয় নির্বাচন ভুয়া। নির্বাচন কমিশন দুই একটা কেন্দ্র বন্ধ করে প্রমাণ করতে চেয়েছে সুষ্ঠু ভোট হয়েছে। এসব নাটক জনগণ বুঝে গেছে।’আরেকটি নির্বাচনের জন্য বিএনপি আরও পাঁচ বছর অপেক্ষা করবে কি না, এমন প্রশ্নের জবাবে বিএনপির স্থায়ী কমিটির সদস্য নজরুল ইসলাম খান বলেন, ‘সরকার ভুয়া নির্বাচন করেছে। আমরা বলেছিলাম, দলীয় সরকারের অধীনে সুষ্ঠু নির্বাচন হতে পারে না। জনগণকে ভোট বর্জনের আহ্বান জানিয়েছিলাম। আমাদের আহ্বানে জনগণ ভোট দিতে যায়নি। তাই এই সরকারকে পদত্যাগ করতে হবে। নতুন নির্বাচন কমিশন গঠন করতে হবে। নিরপেক্ষ সরকারের অধীনে নতুন নির্বাচন দিতে হবে। যে নির্বাচনে জনগণ ভোট দিতে পারবে। নতুন নির্বাচনের দাবিতে কাল থেকেই আমাদের গণসংযোগ কর্মসূচি শুরু হবে।’",0,0,1,False
" দ্বাদশ জাতীয় সংসদ নির্বাচনে রাজশাহী-১ (গোদাগাড়ী-তানোর) আসন থেকে ট্রাক প্রতীকে স্বতন্ত্র প্রার্থী হয়ে নির্বাচনে অংশ নেন চিত্রনায়িকা মাহিয়া মাহি। বলা চলে, ওই আসনে নির্বাচনের মাঠে সবচেয়ে আলোচনায় ছিলেন তিনি। কিন্তু দেখা গেলে, আলোচিত হয়েও মাহিই সবচেয়ে পেলেন কম ভোট।এ প্রতিবেদন লেখা পর্যন্ত (রাত সাড়ে ৮) মোট ১৫৮ কেন্দ্রের মাঝে ১৭টি কেন্দ্রে ট্রাক প্রতীকে মাহি পেয়েছেন ১১২৯ ভোট। আর বিজয়ী প্রার্থী মো ওমর ফারুক চৌধুরী পেয়েছেন ৯৪১৬ ভোট।এদিকে ভোটের দিন সকালেই ভোটকেন্দ্রে উপস্থিত হন এই নায়িকা। কেন্দ্রে উপস্থিত হয়ে ভোটের সকল কার্যক্রম পর্যবেক্ষণ করছেন মাহি। এ সময় কেন্দ্রের নানান বিষয় নিয়ে গণমাধ্যমে কথা বলেন তিনি।নির্বাচনে জয়ের বিষয়ে মাহি বলেন, নির্বাচনের ফলাফল যাই হোক কেন আমি মেনে নেব। পাশাপাশি আল্লাহ না করুক আমি যদি ফেলও করি, আগামীকালকে এলাকাজুড়ে শোডাউন করব।আওয়ামী লীগ থেকে মনোনয়ন চেয়েছিলেন চিত্রনায়িকা মাহিয়া মাহি। কিন্তু পাননি। পরে স্বতন্ত্র প্রার্থী হয়েছেন রাজশাহী-১ (গোদাগাড়ী-তানোর) আসনে।",0,0,1,False
" রাজধানীর ঢাকা-১৮ আসনে এবারের নির্বাচনে সবচেয়ে আলোচিত এলাকার নাম উত্তর খান। উত্তর সিটির তিনটি ওয়ার্ড ৪৪, ৪৫ ও ৪৬ নং ওয়ার্ড নিয়ে গঠিত গুরুত্বপূর্ণ সাংগঠনিক থানা এটি। এলাকায় অধিকাংশ লোক স্থানীয় বাসিন্দা। যদিও বাড়িঘর করার সূত্রে বহিরাগত বাসিন্দাও কম নয়। এবার ঢাকা-১৮ আসনে আওয়ামী লীগের দুই স্বতন্ত্র প্রার্থী কেটলি প্রতীকে শিল্পপতি খসরু চৌধুরি বিপুল ভোটে জয়ী হলেও বড় ব্যবধানে হেরে যান ট্রাক প্রতীকের এস এম তোফাজ্জল হোসেন। অনেকের ধারণা ছিল উত্তর খান এবং দক্ষিণ খান এলাকায় বড় ব্যবধানে জিততে পারেন ট্রাক প্রতীকের প্রার্থী। এজন্য তার নির্বাচন প্রস্ততি থেকে শুরু থেকেই জয়ী মনোভাবের মূল কারণ ছিল উত্তর খান এবং দক্ষিণ খান এলাকার বাসিন্দারা। কিন্তু উত্তর খান এলাকার বর্তমান ৩ জন কাউন্সিলর ট্রাক প্রতীকের পক্ষে কাজ করলেও কাঙ্খিত জয় আনতে পারেননি। যদিও প্রতিটি ওয়ার্ডে কেটলি প্রতীকের প্রার্থী বিপুল ভোটের ব্যবধানে জয় পায়।আলোচনা আছে, উত্তর খানে এ জয়ের নেপথ্যে নায়কের ভূমিকা পালন করেছেন, তরুণ আওয়ামী লীগ নেতা ও মহানগর উত্তর আওয়ামী লীগের সদস্য কাজী সালাউদ্দিন পিন্টু। তিনি নিজে একজন বহিরাগত হয়েও স্থানীয় এবং বহিরাগতের ভোট খসরু চৌধুরির পক্ষে নিতে সক্ষম হন। অবশ্য উত্তর খানে কেটলির এ ফলাফলের পেছনে আরো যারা গুরুত্বপূর্ণ ভূমিকা পালন করেছেন তাদের মধ্যে অন্যতম হলেন, কামাল চেয়ারম্যান (সাবেক) সাবেক কাউন্সিলরের ছেলে নাসিম সরকার, সাবেক ছাত্র নেতা আলী রাজ, যুবলীগ নেতা শিপনসহ অনেকে।জানা গেছে, গত এক দশক ধরে কাজী সালাউদ্দিন পিন্টু শিল্পপতি খসরু চৌধুরির সাথে উত্তরায় রাজনীতি করছেন। এমপি বলয়ের বাইরে একমাত্র পদধারি এ নেতা খসরু চৌধুরিকে এমপি বানানোর জন্য নিরলসভাবে লেগে ছিলেন। তিতুমীর কলেজের সাবেক তুখোড় এ ছাত্র নেতা নিজ ওয়ার্ডে স্থানীয় প্রভাবশালী কাউন্সিলরকে পাশ কাটিয়ে কেটলির বিজয় চিনিয়ে আনেন। এটাকে রীতিমতো চমক বলছেন স্থানীয়রা। তাদের মতে, এ ওয়ার্ডে শিল্পপতি খসরু চৌধুরির কিছু রিজার্ভ ভোট থাকলেও স্থানীয় ভোটারদের কেটলির পক্ষে আনতে দারুন ভূমিকা রেখেছেন পিন্টু। ব্যক্তিগতভাবে সদালাপি এবং মিশুক এ নেতাকে নিয়ে ৪৪ নং ওয়ার্ডবাসী এবার কেটলির বিজয়ে বড় ভূমিকা রেখেছেন, যা অনেককে অবাক করেছে।যদিও নিজের আত্বীয়তা এবং দীর্ঘ দিনের কাজের সুবাধে এ ওয়ার্ডের তথা উত্তর খানবাসীর সাথে তোফাজ্জল চেয়ারম্যানের সখ্যতা দীর্ঘদিনের। অনেকের ধারণা ছিল থানার তিনটি ওয়ার্ডে তিনি বিপুল ভোটে জয়লাভ করবেন। তাছাড়া স্থানীয় প্রভাশালী সবগুলো কাউন্সিলরও তার হয়ে কাজ করেছেন। কিন্তু ভোট শেষে দেখা গেছে, তারা সবাই হেরেছেন। তোফাজ্জলের এ হারে স্থানীয় কাউন্সিলরদের গ্রহণযোগ্যতাও অনেক কমেছে বলে মনে করা হচ্ছে।",0,0,1,False
" ওপর যতই হামলা, জুলুম হোক না কেন; ভোটের মাঠ ছাড়বেন না বলে জানিয়েছেন বগুড়া-৪ (কাহালু-নন্দীগ্রাম) আসনে বাংলাদেশ কংগ্রেস মনোনীত প্রার্থী আশরাফুল হোসেন ওরফে হিরো আলম।সোমবার (২৫ ডিসেম্বর) বেলা সাড়ে ১১টায় নির্বাচনী এলাকা নন্দীগ্রাম উপজেলার রণবাঘা বাজারে গণসংযোগকালে সাংবাদিকদের একথা বলেন তিনি।হিরো আলম বলেন, ‘প্রতিদ্বন্দ্বী প্রার্থীরা আমার জনপ্রিয়তা দেখে হামলা করছেন। পরপর দুইবার হামলা করা হয়েছে। আমরা মনোবল হারায়নি, মাঠে আছি। ভোটের দিন পর্যন্ত মাঠে থাকবো। আমার ওপর যতই হামলা, জুলুম হোক না কেন; ভোটের মাঠ থেকে যাবো না।’তিনি আরও বলেন, হিরো আলম ভয় পায় না ভোটাররা তা জানেন। নির্বাচন ও জনগণের সেবা করতে গেলে বুকে সাহস লাগে। আমি সাহস নিয়েই নির্বাচনী মাঠে এগিয়ে চলছি। এসময় ভোটারদের ভোটকেন্দ্রে এসে ডাব প্রতীকে ভোট দেওয়ার আহ্বান জানান হিরো আলম। হামলা করে নির্বাচনী প্রচারণা বন্ধ করা যাবে না।শনিবার (২৩ ডিসেম্বর) সন্ধ্যায় নন্দীগ্রাম উপজেলার মুরাদপুর বাজারে ও রোববার সন্ধ্যায় কাহালু বাজারে হিরো আলমের ওপর হামলা চালানো হয়। নৌকা প্রতীকের কর্মী-সমর্থকরা এ হামলা চালান বলে অভিযোগ পাওয়া গেছে।চলতি বছরের ১ ফেব্রুয়ারি বগুড়া-৪ (কাহালু ও নন্দীগ্রাাম) ও বগুড়া-৬ (সদর) আসনের উপ-নির্বাচনে স্বতন্ত্র প্রার্থী (একতারা প্রতীক) হিসেবে প্রতিদ্বন্দ্বিতা করেন হিরো আলম। এরমধ্যে বগুড়া-৪ আসনে ১৪দলীয় জোটের শরিক জাসদের একেএম রেজাউল করিমের কাছে ৮৩৪ ভোটে হেরে যান। এরপর ঢাকা-১৭ আসনের উপ-নির্বাচনে আবার স্বতন্ত্র প্রার্থী হয়ে আলোচনায় আসেন হিরো আলম। দ্বাদশ সংসদ নির্বাচনেও বাংলাদেশ কংগ্রেসের প্রার্থী হিসেবে প্রতিদ্বন্দ্বিতা করছেন এ কনটেন্ট ক্রিয়েটর।",0,0,1,False
" দ্বাদশ সংসদ নির্বাচনে নিজ আসন নোয়াখালী-৫ (কোম্পানীগঞ্জ-কবিরহাট)-এ নির্বাচনী প্রচারণা শুরু করেছেন আওয়ামী লীগের সাধারণ সম্পাদক ওবায়দুল কাদের। ভোটের মাঠে নেমেই দলীয় প্রার্থীদের উদ্দেশে আওয়ামী লীগের শীর্ষ এই নেতা বলেছেন, নির্বাচনের আচরণবিধি মেনে চলতে হবে। ফাউল করলে খবর আছে। আমরা কারো জন্য তদবির করবো না।শুক্রবার (২২ ডিসেম্বর) বিকেলে নোয়াখালীর কোম্পানিগঞ্জের বসুরহাটে নির্বাচনী এক পথসভায় তিনি এসব কথা বলেন।ওবায়দুল কাদের বলেন, গণতন্ত্রকে বাঁচাতে হলে বাংলাদেশকে বাঁচাতে হবে। গণতন্ত্রকে বাঁচাতে হলে সংবিধানকে বাচাতে হবে। বাংলাদেশের মুক্তিযুদ্ধকে বাঁচাতে হলে আওয়ামী লীগকে বাঁচাতে হবে।এদিন বিকেলে সাড়ে ৩টায় বসুরহাট পৌরসভার ১নং ওয়ার্ডের বড় রাজাপুর গ্রামের মিয়া বাড়ির পারিবারিক কবরস্থানে বাবা-মায়ের কবর জিয়ারতের মাধ্যমে প্রচারণার শুরু করেন আওয়ামী লীগের কেন্দ্রীয় এই নেতা।এসময় তার ছোট ভাই নোয়াখালীর কোম্পানীগঞ্জের বসুরহাট পৌরসভার মেয়র ও উপজেলা আওয়ামী লীগের সভাপতি আবদুল কাদের মির্জা ও আওয়ামী লীগ ও সহযোগী সংগঠনের নেতাকর্মীরা উপস্থিত ছিলেন।",0,0,1,False
" যারাই নির্বাচনের পরিবেশ দূষিত করবে, সংঘাতে জড়াবে তাদের বিরুদ্ধে আইন প্রয়োগকারী সংস্থা যথাযথ ব্যবস্থা নেবে বলে জানিয়েছেন আওয়ামী লীগের সাধারণ সম্পাদক ও সেতুমন্ত্রী ওবায়দুল কাদের। সোমবার (২৫ ডিসেম্বর) দুপুরে রাজধানীর ধানমন্ডিতে আওয়ামী লীগ সভাপতির রাজনৈতিক কার্যালয়ে আয়োজিত এক সংবাদ সম্মেলনে এ কথা বলেন তিনি।এ সময় বেসরকারি গবেষণা প্রতিষ্ঠান সেন্টার ফর পলিসি ডায়ালগের (সিপিডি) কাছে ব্যাংক থেকে লোপাট হওয়া ৯২ হাজার কোটি টাকার সন্ধান চেয়েছেন আওয়ামী লীগ সাধারণ সম্পাদক। তিনি বলেন, সিপিডি যেহেতু অনিয়মের অভিযোগ এনেছে, তাদেরই বলতে হবে সেই টাকাগুলো কোথায় আছে। তারা যদি বিস্তারিত তথ্য দেয়, আমরা সেই টাকা দেশে ফিরিয়ে আনবো।আসন্ন নির্বাচন নিয়ে তিনি বলেন, ‘যারা নির্বাচন অনুষ্ঠানে বিঘ্ন সৃষ্টি করবে, তাদেরকে নিষেধাজ্ঞা দেয়া এবং তাদের বিরুদ্ধে প্রয়োগ করা এটাতো আমেরিকার বহুল প্রচারিত ঘোষণা। কোনো প্রার্থী সহিংসতায় জড়ালে, নির্বাচন কমিশন যে পদক্ষেপ নেবে, তা মেনে নেবে আওয়ামী লীগ।ওবায়দুল কাদের আরও বলেন, সংঘাতের আশঙ্কা সবসময় থাকেই। তবে এ বিষয়ে আওয়ামী লীগ সভাপতির জিরো টলারেন্স। যারাই নির্বাচনের পরিবেশ দূষিত করবে, সংঘাতে জড়াবে তাদের বিরুদ্ধে আইন প্রয়োগকারী সংস্থা যথাযথ ব্যবস্থা নেবে। ইশতেহার প্রসঙ্গে ওবায়দুল কাদের বলেন, যারা বিরোধিতা করছে, তাদের ইশতেহার ঘোষণার অনুষ্ঠানে আমন্ত্রণ জানানো হবে না। যারা নির্বাচনের পক্ষে তারাই আমন্ত্রণ পাবেন।তিনি বলেন, নির্বাচন সংক্রান্ত যত অভিযোগ সেটি কমিশন দেখবে। নির্বাচন কমিশন স্বাধীন একটি প্রতিষ্ঠান। আচরণবিধি লঙ্ঘন হলে দেখার দায়িত্ব কমিশনের। আমি কোনো দল বুঝি না, ১৮৯৫ জন প্রতিদ্বন্দ্বিতা করছে। সবাই প্রতিদ্বন্দ্বী। এ প্রতিদ্বিন্দ্বিতা বিঘ্নিত হলে, প্রতিযোগিতায় বিশৃঙ্খলা হলে, কমিশন ব্যবস্থা নিলে দল হিসেবে আওয়ামী লীগ আপত্তি করবে না। সহিংসতায় জড়িয়ে পড়ার কোনো সুযোগ নেই।",0,0,1,False
" জোটের শরিকদের আপত্তি ও দলীয় প্রার্থীদের অস্বস্তি থাকলেও স্বতন্ত্র প্রার্থীদের বিষয়ে সিদ্ধান্ত পরিবর্তনের কোনো সুযোগ নেই বলে সাফ জানিয়ে দিয়েছেন আওয়ামী লীগের সাধারণ সম্পাদক ওবায়দুল কাদের। তিনি বলেছেন, প্রতিদ্বন্দ্বিতার কোনো বিকল্প নেই। বিনা প্রতিদ্বন্দ্বিতায় নির্বাচনের সুযোগ নেই।মঙ্গলবার দুপুরে রাজধানীর ধানমন্ডিতে আওয়ামী লীগ সভাপতির রাজনৈতিক কার্যালয়ে প্রেস ব্রিফিংয়ে দলের সাধারণ সম্পাদক এ কথা বলেন।ওবায়দুল কাদের বলেন, সংবিধান অনুযায়ী নির্বাচনের স্ট্রাইকিং ফোর্স হিসেবে সেনাবাহিনীর দায়িত্ব পালন নিয়ে আপত্তি নেই আওয়ামী লীগের। তবে সেনাবাহিনীকে সব বিষয়ে বিতর্কিত করার বিরুদ্ধে আওয়ামী লীগ।আওয়ামী লীগের সাধারণ সম্পাদক বলেন, বিএনপি দেশের নির্বাচন ও গণতন্ত্রের পথে হুমকি হয়ে দাঁড়িয়েছে। তাদের কারণেই দেশের সার্বিক গণতন্ত্র সংকটের মুখে। দেশকে খাটো করতে বিদেশিদের কাছে বদনাম করে কিছু লোক ও বিএনপির মতো কিছু দল। বাংলাদেশের অর্জন সারা দুনিয়ার প্রশংসিত। উন্নয়ন সমৃদ্ধির পথে বাংলাদেশ শেখ হাসিনার নেতৃত্বে অনেক এগিয়ে গেছে। এদেশের কিছু লোক আছে তাদের প্রশংসা করতে সংকীর্ণতা থাকে। তারা দেশকে ছোট করার জন্য সব সময় বিদেশিদের কাছে দেশের বদনাম করে। দেশের নিরাপত্তার জন্য সবচেয়ে বড় হুমকি বিএনপি।ওবায়দুল কাদের হুঁশিয়ারি দিয়ে বলেন, সহিংসতা করে, ষড়যন্ত্র করে ও সন্ত্রাস করে ৭ জানুয়ারির নির্বাচন বানচাল করা যাবে না। হামলা সহিংসতায় কঠোর ব্যবস্থা নেওয়া হবে।প্রার্থীদের সম্পদ নিয়ে তিনি বলেন, নির্বাচন কমিশন কাউকে দুর্নীতিগ্রস্ত, দুর্নীতিবাজ মনে করলে তার নমিনেশন বাতিল করতে পারে।প্রেস ব্রিফিংয়ে উপস্থিত ছিলেন আওয়ামী লীগের যুগ্ম সাধারণ সম্পাদক আ ফ ম বাহাউদ্দিন নাছিম, সাংগঠনিক সম্পাদক বি এম মোজাম্মেল হক, এস এম কামাল হোসেন, সুজিত রায় নন্দীসহ কেন্দ্রীয় আওয়ামী লীগের নেতারা।জোটের শরিকদের আপত্তি ও দলীয় প্রার্থীদের অস্বস্তি থাকলেও স্বতন্ত্র প্রার্থীদের বিষয়ে সিদ্ধান্ত পরিবর্তনের কোনো সুযোগ নেই বলে সাফ জানিয়ে দিয়েছেন আওয়ামী লীগের সাধারণ সম্পাদক ওবায়দুল কাদের। তিনি বলেছেন, প্রতিদ্বন্দ্বিতার কোনো বিকল্প নেই। বিনা প্রতিদ্বন্দ্বিতায় নির্বাচনের সুযোগ নেই।মঙ্গলবার দুপুরে রাজধানীর ধানমন্ডিতে আওয়ামী লীগ সভাপতির রাজনৈতিক কার্যালয়ে প্রেস ব্রিফিংয়ে দলের সাধারণ সম্পাদক এ কথা বলেন।ওবায়দুল কাদের বলেন, সংবিধান অনুযায়ী নির্বাচনের স্ট্রাইকিং ফোর্স হিসেবে সেনাবাহিনীর দায়িত্ব পালন নিয়ে আপত্তি নেই আওয়ামী লীগের। তবে সেনাবাহিনীকে সব বিষয়ে বিতর্কিত করার বিরুদ্ধে আওয়ামী লীগ।আওয়ামী লীগের সাধারণ সম্পাদক বলেন, বিএনপি দেশের নির্বাচন ও গণতন্ত্রের পথে হুমকি হয়ে দাঁড়িয়েছে। তাদের কারণেই দেশের সার্বিক গণতন্ত্র সংকটের মুখে। দেশকে খাটো করতে বিদেশিদের কাছে বদনাম করে কিছু লোক ও বিএনপির মতো কিছু দল। বাংলাদেশের অর্জন সারা দুনিয়ার প্রশংসিত। উন্নয়ন সমৃদ্ধির পথে বাংলাদেশ শেখ হাসিনার নেতৃত্বে অনেক এগিয়ে গেছে। এদেশের কিছু লোক আছে তাদের প্রশংসা করতে সংকীর্ণতা থাকে। তারা দেশকে ছোট করার জন্য সব সময় বিদেশিদের কাছে দেশের বদনাম করে। দেশের নিরাপত্তার জন্য সবচেয়ে বড় হুমকি বিএনপি।ওবায়দুল কাদের হুঁশিয়ারি দিয়ে বলেন, সহিংসতা করে, ষড়যন্ত্র করে ও সন্ত্রাস করে ৭ জানুয়ারির নির্বাচন বানচাল করা যাবে না। হামলা সহিংসতায় কঠোর ব্যবস্থা নেওয়া হবে।প্রার্থীদের সম্পদ নিয়ে তিনি বলেন, নির্বাচন কমিশন কাউকে দুর্নীতিগ্রস্ত, দুর্নীতিবাজ মনে করলে তার নমিনেশন বাতিল করতে পারে।প্রেস ব্রিফিংয়ে উপস্থিত ছিলেন আওয়ামী লীগের যুগ্ম সাধারণ সম্পাদক আ ফ ম বাহাউদ্দিন নাছিম, সাংগঠনিক সম্পাদক বি এম মোজাম্মেল হক, এস এম কামাল হোসেন, সুজিত রায় নন্দীসহ কেন্দ্রীয় আওয়ামী লীগের নেতারা।",0,0,1,False
" আলোচিত কনটেন্ট ক্রিয়েটর আশরাফুল হোসেন ওরফে হিরো আলম দ্বাদশ জাতীয় সংসদ নির্বাচনে আপিল করে প্রার্থিতা ফিরে পাওয়ার পরও নির্বাচনের মাঠ থেকে সরে দাঁড়ানোর ঘোষণা দিয়েছেন। বগুড়া-৪ (কাহালু-নন্দীগ্রাম) আসনে মনোনয়নপত্র তুলেছিলেন হিরো আলম। আগামী ১৭ ডিসেম্বর মনোনয়নপত্র প্রত্যাহার করবেন তিনি।বৃহস্পতিবার দুপুরে এ তথ্য নিশ্চিত করেন হিরো আলম।গুঞ্জন উঠেছে প্রতিদ্বন্দ্বী প্রার্থীর কাছ থেকে টাকা নিয়ে নির্বাচন থেকে সরে দাঁড়িয়েছেন, সত্যি কিনা?জবাবে হিরো আলম বলেন, আমি যেখানে প্রার্থী হয়েছি সেখানে আমার সঙ্গে কেউ প্রতিদ্বন্দ্বীতা করার মতো প্রার্থীই নেই। তাহলে তারা আমাকে কেন টাকা দিতে যাবে। তারা তো আমাকে ভয় পায়। সুষ্ঠু নির্বাচন হলে তারা এমনিতেই হেরে যাবে। তাহলে টাকা নিয়ে নির্বাচন থেকে সরে দাঁড়ানোর প্রশ্নই আসে না।মনোনয়নপত্র প্রত্যাহারের কারণ জানতে চাইলে হিরো আলম বলেন, মনোনয়নপত্র প্রত্যাহারের অনেক গুলো কারণ আছে। আমি যেহেতু ভোটারদের আশ্বাসে এমপি প্রার্থী হয়েছিলাম, সেহেতু ভোট থেকে সরে দাঁড়ানোর সুস্পষ্ট কারণ ব্যাখ্যা করতে হবে আমাকে। আমি আগামী ১৭ তারিখ সেই কারণ বাখ্যা করে জানাব।এর আগে গত ৩ ডিসেম্বর হলফনামাসহ আনুষঙ্গিক কাগজপত্রে স্বাক্ষর না করাসহ নানা ত্রুটির কারণে যাচাই-বাছাই শেষে তার মনোনয়নপত্র বাতিল ঘোষণা করেন রিটার্নিং কর্মকর্তা।মনোনয়নপত্র বাতিল প্রসঙ্গে সেই সময় হিরো আলম উপস্থিত সাংবাদিকদের তাৎক্ষণিক বলেছিলেন, ‘প্রতি বছরই বাতিল হয়। এটা কোনো বিষয় নয়।’পরে মনোনয়নপত্রের বৈধতা ফিরে পেতে গত ৬ ডিসেম্বর নির্বাচন কমিশনে আপিল করেন তিনি। ১০ ডিসেম্বর মনোনয়নপত্রের বৈধতা ফেরতের আপিল মঞ্জুর করে তার পক্ষে রায় দেয় নির্বাচন কমিশন।",0,0,1,False
" দ্বাদশ জাতীয় সংসদ নির্বাচনে সরকার গঠন করতে যাচ্ছে আওয়ামী লীগ। বৃহস্পতিবার (১১ জানুয়ারি) থেকে যাত্রা শুরু হচ্ছে নতুন সরকারের। বৃহস্পতিবার সন্ধ্যা ৭ টায় বঙ্গভবনে শপথ নেবেন প্রধানমন্ত্রী ও তার মন্ত্রীপরিষদ। বুধবার (১০ জানুয়ারি) আওয়ামী লীগ সংসদীয় দলের নেতা শেখ হাসিনাকে প্রধানমন্ত্রী হিসেবে নিয়োগ দিয়ে প্রজ্ঞাপন জারি করেন রাষ্ট্রপতি। এছাড়া মন্ত্রী-প্রতিমন্ত্রী হিসেবে ৩৬ জনকে নিয়োগ দেয়া হয়েছে। তাদের মধ্যে ২৫ জন পূর্ণমন্ত্রী ও ১১ জন প্রতিমন্ত্রী। যারা বাদ পড়লেন- কৃষিমন্ত্রী ড. আব্দুর রাজ্জাক, অর্থমন্ত্রী আ হ ম মুস্তফা কামাল, পররাষ্ট্রমন্ত্রী ড. একে মোমেন, পরিকল্পনা মন্ত্রী এম এ মান্নান, বস্ত্র ও পাট মন্ত্রী গোলাম দস্তগীর গাজী, স্বাস্থ্যমন্ত্রী জাহিদ মালেক, বাণিজ্য মন্ত্রী টিপু মুনশী, সমাজ কল্যাণ মন্ত্রী নুরুজ্জামান আহমেদ, মৎস্য ও প্রাণী সম্পদ মন্ত্রী শ ম রেজাউল করিম, বন ও পরিবেশ মন্ত্রী মো. সাহাব উদ্দিন, পার্বত্য চট্টগ্রাম বিষয়ক মন্ত্রী বীর বাহাদুর উশৈ সিং, ভূমিমন্ত্রী সাইফুজ্জামান চৌধুরী, রেলপথ মন্ত্রী নুরুল ইসলাম সুজন, প্রবাসী কল্যাণ ও কর্মসংস্থান মন্ত্রী ইমরান আহমেদ।    বাদ পড়া প্রতিমন্ত্রীরা হলেন- শিল্প প্রতিমন্ত্রী কামাল আহমেদ মজুমদার, যুব ও ক্রীড়া প্রতিমন্ত্রী জাহিদ আহসান রাসেল, সমাজ কল্যাণ প্রতিমন্ত্রী আশরাফ আলী খান খসরু, শ্রম ও কর্মসংস্থান প্রতিমন্ত্রী মুন্নুজান সুফিয়ান, প্রাথমিক ও গণশিক্ষা প্রতিমন্ত্রী জাকির হোসেন, পররাষ্ট্র প্রতিমন্ত্রী শাহরিয়ার আলম, পল্লী উন্নয়ন ও সমবায় প্রতিমন্ত্রী স্বপন ভট্টাচার্য, গৃহায়ণ ও গণপূর্ত প্রতিমন্ত্রী শরীফ আহমেদ, সংস্কৃতি বিষয়ক প্রতিমন্ত্রী কে এম খালিদ, দুর্যোগ ব্যবস্থাপনা ও ত্রাণ প্রতিমন্ত্রী ডা. এনামুর রহমান, বেসামরিক বিমান পরিবহন ও পর্যটন প্রতিমন্ত্রী মাহবুব আলী, মহিলা ও শিশু বিষয়ক প্রতিমন্ত্রী ফজিলাতুন নেছা।এছাড়া দুই জন উপ-মন্ত্রী বাদ গেছেন তারা হলেন- বন ও পরিবেশ বিষয়ক উপমন্ত্রী হাবিবুন নাহার ও পানি সম্পদ উপমন্ত্রী একে এম এনামুল হক শামীম।",0,0,1,False
" নতুন দায়িত্বপ্রাপ্ত পররাষ্ট্রমন্ত্রী ড. হাছান মাহমুদ বলেছেন, প্রধানমন্ত্রী শেখ হাসিনার নেতৃত্বে টানা চতুর্থবারের মতো গঠিত নবনির্বাচিত সরকারকে যুক্তরাষ্ট্র, যুক্তরাজ্য, ইইউসহ সকল রাষ্ট্রদূত অভিনন্দন জানিয়েছে। শুক্রবার (১২ জানুয়ারি) সকালে নবগঠিত মন্ত্রীপরিষদ সদস্যবর্গের সাথে ধানমন্ডি ৩২ নম্বরে জাতির পিতা বঙ্গবন্ধু শেখ মুজিবুর রহমানের প্রতিকৃতিতে পুষ্পস্তবক অর্পণ শেষে তিনি এ কথা বলেন। নির্বাচন নিয়ে বিদেশি রাষ্ট্রগুলোর প্রতিক্রিয়া নিয়ে সাংবাদিকদের প্রশ্নে তিনি বলেন, 'দেখুন, বৃহস্পতিবার বঙ্গভবনে নবনির্বাচিত সরকারের মন্ত্রীপরিষদের শপথ গ্রহণ অনুষ্ঠানে মার্কিন রাষ্ট্রদূত, যুক্তরাজ্যের হাইকমিশনারসহ ইউরোপীয় ইউনিয়নভুক্ত রাষ্ট্রগুলোসহ প্রায় সকল দেশের রাষ্ট্রদূতরা ছিল। অর্থাৎ বর্তমান সরকারকে অভিনন্দন জানাতে তারা সবাই গিয়েছিল।'পরিবেশ ও বন এবং তথ্য ও সম্প্রচার মন্ত্রণালয়ের মন্ত্রীর দায়িত্ব পালন করে আসা হাছান মাহমুদের নতুন দায়িত্ব নিয়ে প্রশ্ন করলে মন্ত্রী বলেন, 'চ্যালেঞ্জ মোকাবিলা করার মধ্যে যে পরিতৃপ্তি আছে, সেটি অন্য কিছুতে নেই। তথ্য মন্ত্রণালয় একটি চ্যালেঞ্জ ছিলো। আমি আপনাদের সহযোগিতায় সেই চ্যালেঞ্জ মোকাবিলা করেছি। এখন বৈশ্বিক প্রেক্ষাপটে এবং পৃথিবীতে বিভিন্ন জায়গায় যুদ্ধ চলছে, সেই প্রেক্ষাপটে এটি অবশ্যই চ্যালেঞ্জ।' তিনি বলেন, 'জননেত্রী শেখ হাসিনার নেতৃত্বে আমরা সমস্ত চ্যালেঞ্জ মোকাবিলা করে দেশকে এগিয়ে নিয়ে গেছি। মাননীয় প্রধানমন্ত্রী আমাকে আস্থায় রেখে পররাষ্ট্র মন্ত্রণালয়ের দায়িত্ব দিয়েছেন। ইনশাল্লাহ এই চ্যালেঞ্জ মোকাবিলা করেও আমরা দেশকে এগিয়ে নিয়ে যাবো এবং দেশের ভাবমূর্তি উজ্জ্বল করবো, পূর্ব-পশ্চিম সবার সাথে সম্পর্কের আরও উন্নয়ন ঘটাবো।' আমাদের পররাষ্ট্রনীতির মূল প্রতিপাদ্য হচ্ছে, কারো সাথে বৈরিতা নয়, সবার সাথে সুসম্পর্ক এবং সেই নীতি নিয়েই আমরা সবার সাথে আরও ঘনিষ্ঠ সম্পর্ক গড়ে তুলবো, প্রত্যয় ব্যক্ত করেন ড. হাছান।রাজনৈতিক প্রসঙ্গে পররাষ্ট্রমন্ত্রী বলেন, 'আজকে কাগজে দেখলাম, বিএনপি তালা ভেঙে তাদের অফিসে ঢুকেছে। অথচ তালাটা কিন্তু তারাই লাগিয়েছিল। তারাই লাগিয়ে তারাই ভাঙছে, অর্থাৎ একটা নাটক দেখাচ্ছে।'হাছান মাহমুদ বলেন, 'বিএনপি নিজেরাই এই তালা লাগিয়েছিল। ৭৫ দিন ধরে কেউ যায় নাই। চাবি ইচ্ছে করে হারিয়ে ফেলেছে বা চাবি আছে, এরপরেও এভাবে তালা ভাঙার একটা নাটক করে মানুষকে বিভ্রান্ত করার একটা অপচেষ্টা",0,0,1,False
" রবিবার (১৪ জানুয়ারি) দ্বাদশ জাতীয় নির্বাচনে জাতীয় পার্টি (জাপা) মনোনীত প্রার্থীরা বিশেষ সভা আহবান করেছেন। সভায় দলীয় প্রার্থীরা ছাড়াও পার্টির সিনিয়র নেতারা অংশ নিবেন। বেলা ১১টায় কাকরাইল ডিপ্লোমা ইঞ্জিনিয়ারিং ইনিস্টিউট মিলনায়তনে এ সভা অনুষ্ঠিত হবে। শনিবার (১৩ জানুয়ারি) দুপুরে সভা সফল করতে জাপার কাকরাইল কার্যালয়ে এক বৈঠক অনুষ্ঠিত হয়। বৈঠকে বিভিন্ন প্রার্থী ছাড়াও দলটির কয়েকজন শীর্ষনেতা উপস্থিত ছিলেন। জাতীয় পার্টির বিভিন্ন সভাসমাবেশে পার্টির যে তিনজন নেতা সবসময় জনবলের যোগান দেন সে তিনজন সিনিয়র নেতাও এ বৈঠকে উপস্থিত ছিলেন। বৈঠকে উপস্থিত ঢাকা-১২ আসনের জাপা মনোনীত প্রার্থী জানান, রবিবার সারাদেশ থেকে দলীয় প্রার্থী এ সভায় শরিক হবেন এবং তারা কি কারণে পরাজিত হয়েছেন এবং পার্টির শীর্ষ নেতাদের অসহযোগিতার কথা তুলে ধরা হবে। যদিও শুক্রবার দলটি থেকে এক জরুরী প্রেস বিজ্ঞপ্তির মাধ্যমে রবিবারের সভায় নেতাকর্মীদের যেতে বারণ করা হয়েছে।জাপার কয়েকজন প্রার্থী জানান, নির্বাচনের সময় আমাদের হাত-পা বেঁধে সাঁতরাতে দেয়া হয়েছে। আর্থিক সহযোগিতা তো দূরের কথা, আমাদের নির্বাচনী মাঠে প্রচারণা চালাতে গিয়ে ক্ষমতাসীনদের বাধার মুখে পড়েছি। প্রার্থীদের নানাভাবে হুমকি দেয়া হয়েছে। তা জানানোর জন্য ফোন দেয়া হলেও জাতীয় পার্টির চেয়ারম্যান জিএম কাদের এবং মহাসচিব মুজিবুল হক চুন্নু রিসিভ করেননি। আমরা মূলত, নির্বাচনের সময় আমাদের প্রতি যে বিরূপ আচরণ করা হয়েছে রবিবার তার ব্যাখ্যা দাবি করবো। গত বুধবার জাপার বনানী কার্যালয়ে পার্টি চেয়ারম্যান ও মহাসচিবকে অপসারণের বিষয়ে সে সময়ে উপস্থিত জাপার একাধিক নেতা জানান, চেয়ারম্যানের অপসারণের বিষয়ে আমরা কিছু জানতাম না। তবে, পরাজিত প্রার্থী এবং নেতাকর্মীরা নির্বাচনে ভরাডুবির জন্য সেদিন ক্ষোভ প্রকাশ করেছেন। রবিবারের সভা প্রসঙ্গে জাপা কো-চেয়ারম্যান সৈয়দ আবু হোসেন বাবলা বলেন, এ সভা কারো বিরুদ্ধে নয়। সারাদেশের দলের প্রার্থীরা এ সভা আয়োজন করেছে। কি কারণে প্রার্থীরা পরাজিত হয়েছেন তা তারা তুলে ধরবেন।এদিকে, দলটির মহাসচিব মুজিবুল হক চুন্নু গত বৃহস্পতিবার দুপুরে বনানী কার্যালয়ে গণমাধ্যমের উদ্দেশ্যে বলেছেন, নির্বাচনে জাতীয় পার্টির ভরাডুবি হয়েছে, তা অস্বীকার করছি না। সে দায়ভারও আমাদের ওপর বর্তায়। তবে, যারা ক্ষোভ প্রকাশ করেছেন, এভাবে প্রকাশ্যে করা ঠিক হয়নি। এর আগে, গত মঙ্গলবার রাতে ধানমণ্ডির একটি অফিসে জাতীয় পার্টির কয়েকজন শীর্ষনেতাসহ পরাজিত বেশ কয়েকজন প্রার্থী একটি বৈঠকে মিলিত হন। সে বৈঠকের সিদ্ধান্ত মোতাবেক পরদিন বুধবার দলীয় প্রার্থীসহ অসংখ্য নেতাকর্মী ক্ষোভ প্রকাশ করে পার্টির চেয়ারম্যান জিএম কাদের এবং মহাসচিব মুজিবুল হক চুন্নুর পদত্যাগ দাবি করেন। তার জের ধরে শুক্রবার দলটির কো-চেয়ারম্যান কাজী ফিরোজ রশিদ এবং প্রেসিডিয়াম সদস্য সুনীল শুভ রায়কে দল থেকে অব্যাহতি দেয়া হয়। জাপা সূত্র জানিয়েছে, এই অব্যাহতির সংখ্যা আরো বাড়তে পারে।রবিবার (১৪ জানুয়ারি) দ্বাদশ জাতীয় নির্বাচনে জাতীয় পার্টি (জাপা) মনোনীত প্রার্থীরা বিশেষ সভা আহবান করেছেন। সভায় দলীয় প্রার্থীরা ছাড়াও পার্টির সিনিয়র নেতারা অংশ নিবেন। বেলা ১১টায় কাকরাইল ডিপ্লোমা ইঞ্জিনিয়ারিং ইনিস্টিউট মিলনায়তনে এ সভা অনুষ্ঠিত হবে। শনিবার (১৩ জানুয়ারি) দুপুরে সভা সফল করতে জাপার কাকরাইল কার্যালয়ে এক বৈঠক অনুষ্ঠিত হয়। বৈঠকে বিভিন্ন প্রার্থী ছাড়াও দলটির কয়েকজন শীর্ষনেতা উপস্থিত ছিলেন। জাতীয় পার্টির বিভিন্ন সভাসমাবেশে পার্টির যে তিনজন নেতা সবসময় জনবলের যোগান দেন সে তিনজন সিনিয়র নেতাও এ বৈঠকে উপস্থিত ছিলেন। বৈঠকে উপস্থিত ঢাকা-১২ আসনের জাপা মনোনীত প্রার্থী জানান, রবিবার সারাদেশ থেকে দলীয় প্রার্থী এ সভায় শরিক হবেন এবং তারা কি কারণে পরাজিত হয়েছেন এবং পার্টির শীর্ষ নেতাদের অসহযোগিতার কথা তুলে ধরা হবে। যদিও শুক্রবার দলটি থেকে এক জরুরী প্রেস বিজ্ঞপ্তির মাধ্যমে রবিবারের সভায় নেতাকর্মীদের যেতে বারণ করা হয়েছে।জাপার কয়েকজন প্রার্থী জানান, নির্বাচনের সময় আমাদের হাত-পা বেঁধে সাঁতরাতে দেয়া হয়েছে। আর্থিক সহযোগিতা তো দূরের কথা, আমাদের নির্বাচনী মাঠে প্রচারণা চালাতে গিয়ে ক্ষমতাসীনদের বাধার মুখে পড়েছি। প্রার্থীদের নানাভাবে হুমকি দেয়া হয়েছে। তা জানানোর জন্য ফোন দেয়া হলেও জাতীয় পার্টির চেয়ারম্যান জিএম কাদের এবং মহাসচিব মুজিবুল হক চুন্নু রিসিভ করেননি। আমরা মূলত, নির্বাচনের সময় আমাদের প্রতি যে বিরূপ আচরণ করা হয়েছে রবিবার তার ব্যাখ্যা দাবি করবো। গত বুধবার জাপার বনানী কার্যালয়ে পার্টি চেয়ারম্যান ও মহাসচিবকে অপসারণের বিষয়ে সে সময়ে উপস্থিত জাপার একাধিক নেতা জানান, চেয়ারম্যানের অপসারণের বিষয়ে আমরা কিছু জানতাম না। তবে, পরাজিত প্রার্থী এবং নেতাকর্মীরা নির্বাচনে ভরাডুবির জন্য সেদিন ক্ষোভ প্রকাশ করেছেন। রবিবারের সভা প্রসঙ্গে জাপা কো-চেয়ারম্যান সৈয়দ আবু হোসেন বাবলা বলেন, এ সভা কারো বিরুদ্ধে নয়। সারাদেশের দলের প্রার্থীরা এ সভা আয়োজন করেছে। কি কারণে প্রার্থীরা পরাজিত হয়েছেন তা তারা তুলে ধরবেন।এদিকে, দলটির মহাসচিব মুজিবুল হক চুন্নু গত বৃহস্পতিবার দুপুরে বনানী কার্যালয়ে গণমাধ্যমের উদ্দেশ্যে বলেছেন, নির্বাচনে জাতীয় পার্টির ভরাডুবি হয়েছে, তা অস্বীকার করছি না। সে দায়ভারও আমাদের ওপর বর্তায়। তবে, যারা ক্ষোভ প্রকাশ করেছেন, এভাবে প্রকাশ্যে করা ঠিক হয়নি। এর আগে, গত মঙ্গলবার রাতে ধানমণ্ডির একটি অফিসে জাতীয় পার্টির কয়েকজন শীর্ষনেতাসহ পরাজিত বেশ কয়েকজন প্রার্থী একটি বৈঠকে মিলিত হন। সে বৈঠকের সিদ্ধান্ত মোতাবেক পরদিন বুধবার দলীয় প্রার্থীসহ অসংখ্য নেতাকর্মী ক্ষোভ প্রকাশ করে পার্টির চেয়ারম্যান জিএম কাদের এবং মহাসচিব মুজিবুল হক চুন্নুর পদত্যাগ দাবি করেন। তার জের ধরে শুক্রবার দলটির কো-চেয়ারম্যান কাজী ফিরোজ রশিদ এবং প্রেসিডিয়াম সদস্য সুনীল শুভ রায়কে দল থেকে অব্যাহতি দেয়া হয়। জাপা সূত্র জানিয়েছে, এই অব্যাহতির সংখ্যা আরো বাড়তে পারে।রবিবার (১৪ জানুয়ারি) দ্বাদশ জাতীয় নির্বাচনে জাতীয় পার্টি (জাপা) মনোনীত প্রার্থীরা বিশেষ সভা আহবান করেছেন। সভায় দলীয় প্রার্থীরা ছাড়াও পার্টির সিনিয়র নেতারা অংশ নিবেন। বেলা ১১টায় কাকরাইল ডিপ্লোমা ইঞ্জিনিয়ারিং ইনিস্টিউট মিলনায়তনে এ সভা অনুষ্ঠিত হবে। শনিবার (১৩ জানুয়ারি) দুপুরে সভা সফল করতে জাপার কাকরাইল কার্যালয়ে এক বৈঠক অনুষ্ঠিত হয়। বৈঠকে বিভিন্ন প্রার্থী ছাড়াও দলটির কয়েকজন শীর্ষনেতা উপস্থিত ছিলেন। জাতীয় পার্টির বিভিন্ন সভাসমাবেশে পার্টির যে তিনজন নেতা সবসময় জনবলের যোগান দেন সে তিনজন সিনিয়র নেতাও এ বৈঠকে উপস্থিত ছিলেন। বৈঠকে উপস্থিত ঢাকা-১২ আসনের জাপা মনোনীত প্রার্থী জানান, রবিবার সারাদেশ থেকে দলীয় প্রার্থী এ সভায় শরিক হবেন এবং তারা কি কারণে পরাজিত হয়েছেন এবং পার্টির শীর্ষ নেতাদের অসহযোগিতার কথা তুলে ধরা হবে। যদিও শুক্রবার দলটি থেকে এক জরুরী প্রেস বিজ্ঞপ্তির মাধ্যমে রবিবারের সভায় নেতাকর্মীদের যেতে বারণ করা হয়েছে।জাপার কয়েকজন প্রার্থী জানান, নির্বাচনের সময় আমাদের হাত-পা বেঁধে সাঁতরাতে দেয়া হয়েছে। আর্থিক সহযোগিতা তো দূরের কথা, আমাদের নির্বাচনী মাঠে প্রচারণা চালাতে গিয়ে ক্ষমতাসীনদের বাধার মুখে পড়েছি। প্রার্থীদের নানাভাবে হুমকি দেয়া হয়েছে। তা জানানোর জন্য ফোন দেয়া হলেও জাতীয় পার্টির চেয়ারম্যান জিএম কাদের এবং মহাসচিব মুজিবুল হক চুন্নু রিসিভ করেননি। আমরা মূলত, নির্বাচনের সময় আমাদের প্রতি যে বিরূপ আচরণ করা হয়েছে রবিবার তার ব্যাখ্যা দাবি করবো। গত বুধবার জাপার বনানী কার্যালয়ে পার্টি চেয়ারম্যান ও মহাসচিবকে অপসারণের বিষয়ে সে সময়ে উপস্থিত জাপার একাধিক নেতা জানান, চেয়ারম্যানের অপসারণের বিষয়ে আমরা কিছু জানতাম না। তবে, পরাজিত প্রার্থী এবং নেতাকর্মীরা নির্বাচনে ভরাডুবির জন্য সেদিন ক্ষোভ প্রকাশ করেছেন। রবিবারের সভা প্রসঙ্গে জাপা কো-চেয়ারম্যান সৈয়দ আবু হোসেন বাবলা বলেন, এ সভা কারো বিরুদ্ধে নয়। সারাদেশের দলের প্রার্থীরা এ সভা আয়োজন করেছে। কি কারণে প্রার্থীরা পরাজিত হয়েছেন তা তারা তুলে ধরবেন।এদিকে, দলটির মহাসচিব মুজিবুল হক চুন্নু গত বৃহস্পতিবার দুপুরে বনানী কার্যালয়ে গণমাধ্যমের উদ্দেশ্যে বলেছেন, নির্বাচনে জাতীয় পার্টির ভরাডুবি হয়েছে, তা অস্বীকার করছি না। সে দায়ভারও আমাদের ওপর বর্তায়। তবে, যারা ক্ষোভ প্রকাশ করেছেন, এভাবে প্রকাশ্যে করা ঠিক হয়নি। এর আগে, গত মঙ্গলবার রাতে ধানমণ্ডির একটি অফিসে জাতীয় পার্টির কয়েকজন শীর্ষনেতাসহ পরাজিত বেশ কয়েকজন প্রার্থী একটি বৈঠকে মিলিত হন। সে বৈঠকের সিদ্ধান্ত মোতাবেক পরদিন বুধবার দলীয় প্রার্থীসহ অসংখ্য নেতাকর্মী ক্ষোভ প্রকাশ করে পার্টির চেয়ারম্যান জিএম কাদের এবং মহাসচিব মুজিবুল হক চুন্নুর পদত্যাগ দাবি করেন। তার জের ধরে শুক্রবার দলটির কো-চেয়ারম্যান কাজী ফিরোজ রশিদ এবং প্রেসিডিয়াম সদস্য সুনীল শুভ রায়কে দল থেকে অব্যাহতি দেয়া হয়। জাপা সূত্র জানিয়েছে, এই অব্যাহতির সংখ্যা আরো বাড়তে পারে।",0,0,1,False
" আনসার সদস্য মো. মহসিন আট দিন আগে মারা গেছেন। কিন্তু আজকের নির্বাচনে তার জন্য দায়িত্ব বরাদ্দ করা হয়েছে চট্টগ্রাম-৮ নির্বাচনী এলাকার বোয়ালখালী উপজেলায়। গতকাল শনিবার এই তথ্য জানা গেছে।আনসার ভিডিপি সদস্যদের দায়িত্বে থাকা প্রীতম সর্দার বিষয়টি স্বীকার করে বলেন, আমি আসলে বদলি দায়িত্ব হিসেবে এসেছি। অর্পণ বড়ুয়া নামে আমার আরেক সহকর্মী এই তালিকা তৈরি করেছিলেন। শুনেছি মো. মহসিন আরও আটদিন আগে মারা গেছেন। তিনি বলেন, মহসিন মারা যাওয়ার পর এই তালিকা তৈরি করা হয়েছে। সম্ভবত ভুলে তার নাম এসেগেছে।দায়িত্ব পালনকারী ১২ জনের তালিকায় মহসিনের নাম ছয় নম্বরে। তার বাবার নাম মোহাম্মদ ইউনুচ। বাড়ি আগ্রাবাদ। তার নামের পাশে দেওয়া মোবাইল নম্বরটিও বন্ধ।",0,0,1,False
" দ্বাদশ জাতীয় সংসদ নির্বাচন নিয়ে প্রধান নির্বাচন কমিশনার (সিইসি) কাজী হাবিবুল আউয়াল বলেছেন, ‘এবারের নির্বাচনে কাঙ্ক্ষিত মাত্রায় প্রতিদ্বন্দ্বিতা হচ্ছে না। সাম্প্রতিক নাশকতা ও সহিংসতার ঘটনায় নির্বাচন কমিশন উদ্বিগ্ন। তবে আলোচনা ও সমঝোতার মাধ্যমে যেকোনো সংকট সমাধান সম্ভব।’আজ শনিবার সন্ধ্যায় জাতির উদ্দেশে দেওয়া ভাষণে এসব কথা বলেন সিইসি। তার এ ভাষণ বাংলাদেশ টেলিভিশন ও বাংলাদেশ বেতারে সরাসরি সম্প্রচার করা হয়।সিইসি বলেন, ‘কোনো প্রার্থী বা প্রার্থীর পক্ষে জাল ভোট, ভোট কারচুপি, ব্যালট ছিনতাই, অর্থের লেনদেন ও পেশিশক্তির সম্ভাব্য ব্যবহার কঠোরভাবে প্রতিহত করা হবে। তথ্য প্রমাণ পাওয়া গেলে প্রার্থিতা তাৎক্ষণিক বাতিল করা হবে। প্রয়োজনে কেন্দ্র বা নির্বাচনী এলাকার ভোট গ্রহণ সামগ্রিকভাবে বন্ধ করে দেয়া হবে। জনগণকেও ঐক্যবদ্ধ হয়ে সকল প্রকারের নির্বাচনী অনিয়ম-অনাচার প্রতিহত করার উদাত্ত আহ্বান জানাচ্ছি।’ তিনি বলেন, ‘উৎসবমুখর পরিবেশে উৎসাহ ও উদ্দীপনার মধ্য দিয়ে নির্বাচনী প্রচারণা শেষ হয়েছে। এখন কেবল ভোট গ্রহণ শুরুর অপেক্ষা।’ ভাষণে কাজী হাবিবুল আউয়াল বলেন, দ্বাদশ জাতীয় সংসদ নির্বাচনকে ‘প্রতিদ্বন্দ্বিতাহীন বা অংশগ্রহণমূলক নয়’ মর্মে আখ্যায়িত করা যাবে না। সুষ্ঠু নির্বাচন নিশ্চিত করতে জনগণের সহযোগিতা কামনা করেন তিনি। একইসঙ্গে ভোটারদের ভোটকেন্দ্রে এসে তাদের ভোটাধিকার প্রয়োগের আহ্বান জানান। সিইসি জানান, নির্বাচনে ২৮টি রাজনৈতিক দল ও ১৯৭১ জন প্রার্থী প্রতিদ্বন্দ্বিতা করছে।নির্বাচনী দায়িত্বে অবহেলা হলে কঠোর ব্যবস্থা নেওয়া হবে জানিয়ে কাজী হাবিবুল আউয়াল বলেন, সুষ্ঠু, গ্রহণযোগ্য ও নিরপেক্ষ নির্বাচন করার জন্য সর্বোচ্চ চেষ্টা করছে ইসি।এর আগে, গত ১৫ নভেম্বর জাতির উদ্দেশে ভাষণ দেন সিইসি। ওই ভাষণে তিনি দ্বাদশ জাতীয় সংসদ নির্বাচনের তফসিল ঘোষণা করেন।",0,0,1,False
" নির্বাচন বর্জন ও ভোটদান থেকে বিরত থাকার আহ্বান জানিয়ে ৩ দিনের কর্মসূচি ঘোষণা করেছে বাংলাদেশ জামায়াতে ইসলামী। আজ বৃহস্পতিবার এক বিবৃতিতে দলটির ভারপ্রাপ্ত সেক্রেটারি জেনারেল মাওলানা এটিএম মা’ছুম নতুন কর্মসূচি ঘোষণা করেন।কর্মসূচি অনুযায়ী আগামীকাল শুক্রবার দেশব্যাপী মিছিল ও গণসংযোগ এবং শনিবার ভোর ৬টা থেকে সোমবার ভোর ৬টা পর্যন্ত টানা ৪৮ ঘণ্টা দেশব্যাপী সর্বাত্মক হরতাল কর্মসূচি পালন করবে দলটি। বিবৃতিতে আরও বলা হয়, ‘২০২৪ সালের শুরুতেই আওয়ামী লীগ সন্ত্রাস, নৈরাজ্য ও ষড়যন্ত্রমূলক মামলায় রায় ঘোষণার মাধ্যমে যাত্রা শুরু করেছে। ৭ জানুয়ারি প্রহসনের নির্বাচনকে সামনে রেখে ভোটারদের মধ্যে ভয়-ভীতি, হুমকি-ধমকি, গ্রেপ্তার ও হয়রানি চালিয়ে যাচ্ছে। যশোর পূর্ব সাংগঠনিক জেলা জামায়াতের আমির মাস্টার নূরুন্নবী, পঞ্চগড় জেলার দেবীগঞ্জ উপজেলার আমির আবুল বাশার বসুনিয়া ও নাটোর জেলার লালপুর উপজেলার আমির মাওলানা আবুল কালাম আযাদসহ গত ২৪ ঘণ্টায় ২৫ জন নেতাকর্মীকে গ্রেপ্তার করা হয়েছে। আমি এই গ্রেপ্তারের তীব্র নিন্দা ও প্রতিবাদ জানাচ্ছি এবং তাদের দ্রুত মুক্তি দাবি করছি।’এটিএম মা’ছুম বলেন, ‘দেশের বুদ্ধিজীবী, সুশীল সমাজ ও রাজনৈতিক দলসমূহ প্রহসনের নির্বাচন বয়কট করে নির্দলীয় নিরপেক্ষ কেয়ারটেকার সরকারের নির্বাচনের মাধ্যমে জনগণের প্রতিনিধিত্বমূলক সরকারের প্রতি গুরুত্বারোপ করে আসছেন। কিন্তু সেদিকে সরকারের কোনো ভ্রুক্ষেপ নেই।’দলটির ভারপ্রাপ্ত সেক্রেটারি জেনারেল বলেন, ‘প্রত্যেক নাগরিকেরই ভোট দেওয়া বা না দেওয়ার অধিকার আছে। আওয়ামী লীগ প্রশাসনের সহযোগিতায় ভোটারদেরকে ভোটকেন্দ্রে যাওয়ার জন্য চাপ দিচ্ছে ও ভয়-ভীতি দেখাচ্ছে। ভোটের দিন সরকার পরিকল্পিতভাবে নৈরাজ্য সৃষ্টি করতে পারে মর্মে পত্র-পত্রিকায় সংবাদ প্রচারিত হচ্ছে। সরকারের সব ষড়যন্ত্র নস্যাৎ করে প্রহসনের নির্বাচন বর্জনের জন্য আমরা এ সব কর্মসূচি ঘোষণা করছি।’",0,0,1,False
" ভোটের দিন যানবাহন চলাচলে শর্ত আরোপ করে বিজ্ঞপ্তি দিয়েছে বাংলাদেশ সড়ক পরিবহন কর্তৃপক্ষ বিআরটিএ ও ঢাকা মেট্রোপলিটন পুলিশ (ডিএমপি)। গতকাল বৃহস্পতিবার এ সংক্রান্ত বিজ্ঞপ্তি জারি করা হয়েছে।এতে বলা হয়েছে, আগামী ৬ জানুয়ারি রাত ১২টা থেকে ৭ জানুয়ারি রাত ১২টা পর্যন্ত ট্যাক্সিক্যাব, পিকআপ ভ্যান, মাইক্রোবাস ও ট্রাক চলাচল করতে পারবে না। এ ছাড়া আজ শুক্রবার রাত ১২টা থেকে ৮ জানুয়ারি রাত ১২টা পর্যন্ত মোটরসাইকেল চলাচলেও নিষেধাজ্ঞা আরোপ করা হয়েছে। তবে আইনশৃঙ্খলা বাহিনী, প্রশাসন,নির্বাচন পর্যবেক্ষক দল ও জরুরি সেবা কাজে নিয়োজিত যানবাহন, চিকিৎসক ও অনুরূপ কাজে ব্যবহৃত দ্রব্যাদি ও সংবাদপত্র বহনকারী সব ধরনের যানবাহন এ নিষেধাজ্ঞার আওতামুক্ত থাকবে।এ ছাড়া বিজ্ঞপ্তিতে আরও কিছু বিশেষ ক্ষেত্রে গাড়ি চলাচলের অনুমতি দেওয়া হয়েছে।বিআরটিএর পাশাপাশি ঢাকা মেট্রোপলিটন এলাকার জন্যও একই নির্দেশনা দিয়েছে ডিএমপি। স্বরাষ্ট্র মন্ত্রণালয়ের জননিরাপত্তা বিভাগের প্রজ্ঞাপনে দেওয়া ক্ষমতাবলে এই নির্দেশনা দেওয়া হয়েছে।",0,0,1,False
" জাতীয় পার্টির চেয়ারম্যান জি এম কাদের বলেছেন, ‘এখন আর নির্বাচন থেকে সরে আসার সময় নেই। আমরা শেষ পর্যন্ত থাকার চেষ্টা করছি। আমরা নির্বাচন কমিশনের সুষ্ঠু নির্বাচনের অঙ্গীকারের পরিপ্রেক্ষিতে এই নির্বাচনে অংশ নিয়েছি। তবে ইতোমধ্যে কিছু কিছু জায়গায় এর ব্যত্যয় ঘটছে।’আজ বুধবার দৈনিক আমাদের সময়ের সঙ্গে একান্ত সাক্ষাতে তিনি এ কথা বলেন।নির্বাচনে শেষ পর্যন্ত জাতীয় পার্টি থাকবে কি না এমন প্রশ্নের জবাবে তিনি বলেন, ‘অতীতে নির্বাচন ভালো হয়নি। ভোটাররাও সুষ্ঠু নির্বাচন নিয়ে সংশয়ে ভুগছেন। তাদের আশঙ্কাও উড়িয়ে দেওয়ার মতো না। ব্যতিক্রম কিছু ঘটলে পরবর্তীতে পরিস্থিতি বুঝে সিদ্ধান্ত নেওয়া হবে।’জি এম কাদের বলেন, ‘দেশের বিভিন্ন জায়গায় জাতীয় পার্টির যে সকল প্রার্থী নির্বাচন থেকে সরে এসে সংবাদ সম্মেলন করেছেন, তারা দলের ভাবমূর্তি ক্ষুণ্ণ ও শৃঙ্খলা ভঙ্গ করেছেন। জাতীয় সংসদ নির্বাচনের পর তাদের বিরুদ্ধে ব্যবস্থা নেওয়া হবে।’নির্বাচনের পর সরকারের পতন হবে বলে বিএনপি বলছে এ বিষয়ে তিনি বলেন, ‘তাদের নেতাকর্মীদের মনোবল চাঙ্গা রাখতে তারা এ কথা বলছেন। ভোটের পর সরকার ক্ষমতায় না থাকার কোনো পরিস্থিতি সৃষ্টি হবে বলে মনে হয় না। আওয়ামী লীগ অবাধ, সুষ্ঠু, নিরপেক্ষ নির্বাচনের আশ্বাস দিলে আমরা অংশগ্রহণ করতে সম্মত হই। এরপরেও অনেক জায়গায় আমাদের প্রার্থী ও নেতাকর্মীদের ওপর নির্যাতন নিপীড়ন চালানো হচ্ছে। প্রশাসন ও নির্বাচন কমিশন নিরপেক্ষ না থাকলে গ্রহণযোগ্য নির্বাচন হবে না।’রংপুরে আওয়ামী লীগের সমর্থন প্রসঙ্গে জি এম কাদের বলেন, ‘মহানগর কমিটির সঙ্গে বৈঠক করেছি। তারা আমাকে সমর্থন দিয়ে আলাদাভাবে আমার জন্য কাজ করছে। কিন্তু অনেক জায়গায় আওয়ামী লীগের প্রার্থী না থাকলেও তাদের দলের নেতাকর্মীরা আমাদের প্রার্থীকে পরাজিত করার জন্য অন্য প্রার্থীর পক্ষে কাজ করছে। রংপুরে নির্বাচনী পরিবেশ বিরাজ করছে, যেখানে যাচ্ছি মানুষের ব্যাপক সাড়া পাচ্ছি। জয়ের ব্যাপারে আমি শতভাগ আশাবাদী।’এ দিকে, রংপুর-৩ আসনে জাতীয় পার্টির প্রার্থী জি এম কাদেরের বিরুদ্ধে কোনো শক্তিশালী প্রতিদ্বন্দ্বী না থাকায় মাঠ তার দখলে রয়েছে। তাই তিনি সহজেই বিজয়ী হবেন বলে মনে করা হচ্ছে।রংপুর মহানগর আওয়ামী লীগের আহ্বায়ক ডা. মো. দেলোয়ার হোসেন জানান, ‘আমাদের নেতাকর্মীরা আলাদা আলাদাভাবে জি এম কাদেরের পক্ষে কাজ করছে।’রংপুর-৩ আসন থেকে জাতীয় পার্টির প্রার্থী জি এম কাদের ছাড়াও বাংলাদেশ সুপ্রিম পার্টির আব্দুর রহমান রেজু ‘একতারা’, বাংলাদেশ কংগ্রেসের একরামুল হক ‘ডাব’, জাতীয় সমাজতান্ত্রিক দলের (জাসদ) সহিদুল ইসলাম ‘মশাল’, ন্যাশনাল পিপলস পার্টির শফিউল আলম ‘আম’ এবং তৃতীয় লিঙ্গের স্বতন্ত্র প্রার্থী আনোয়ারা ইসলাম রানী ‘ঈগল’ প্রতীকে লড়ছেন। এই আসন থেকে আওয়ামী লীগ মনোনীত প্রার্থী তুষার কান্তি মণ্ডলকে প্রত্যাহার করে নেওয়া হয়েছে। ভোটযুদ্ধে এ আসনে জি এম কাদেরসহ ৬ জন প্রতিদ্বন্দ্বিতা করছেন। তবে সাধারণ ভোটারদের কাছে ‘লাঙ্গল’ ও ‘ঈগল’ রয়েছে প্রতিদ্বন্দ্বিতার আলোচনায়।এখানে মোট ভোটার ৪ লাখ ৯৪ হাজার ৭৬৮ জন। এর মধ্যে নারী ভোটার ২ লাখ ৪৭ হাজার ২৯৪ জন ও পুরুষ ২ লাখ ৪৭ হাজার ৪৭২ এবং তৃতীয় লিঙ্গের ভোটার ২ জন। রংপুর জেলার সবচেয়ে বেশি ভোটার অধ্যুষিত এ আসনের ১৭৫টি ভোটকেন্দ্রের ১ হাজার ১৬টি ভোটকক্ষে ভোটাধিকার প্রয়োগ করবেন সাধারণ ভোটাররা।",0,0,1,False
" আসন্ন জাতীয় সংসদ নির্বাচন সামনে রেখে ঢেলে সাজানো হচ্ছে পুলিশ প্রশাসন। এরই অংশ হিসেবে গতকাল পুলিশের উচ্চপর্যায়ে বড় রদবদল করা হয়েছে। গতকাল রবিবার পুলিশের উপ-মহাপরিদর্শক (ডিআইজি) পদমর্যাদার ১৬ কর্মকর্তা ও অতিরিক্ত উপ-মহাপরিদর্শক (অতিরিক্ত ডিআইজি) পদমর্যাদার ৩৫ কর্মকর্তাকে বদলি করা হয়েছে। স্বরাষ্ট্র মন্ত্রণালয়ের জননিরাপত্তা বিভাগ থেকে এক প্রজ্ঞাপনে এ রদবদল করা হয়। এই রদবদল প্রক্রিয়ায় রাজশাহী ও খুলনার পুলিশ কমিশনার পদে পরিবর্তন আনা হয়েছে। এ ছাড়া বরিশাল, রংপুর এবং রাজশাহীর রেঞ্জ ডিআইজি পদে পরিবর্তন আনা হয়েছে। আগামী জাতীয় সংসদ নির্বাচনের সময় তাদের নিজ নিজ অধিক্ষেত্রের শান্তিশৃঙ্খলা রক্ষায় গুরুত্বপূর্ণ ভূমিকা পালন করতে হবে। ভোটের বিষয়টি মাথায় রেখেই তাদের পদায়ন করা হয়েছে বলে সংশ্লিষ্ট সূত্রে জানা গেছে। রদবদলের প্রজ্ঞাপন আদেশ অনুযায়ী, সিআইডির ডিআইজি মো. আবু কালাম সিদ্দিককে ট্যুরিস্ট পুলিশে, সিআইডির অতিরিক্ত ডিআইজি (বর্তমানে ডিআইজি পদে পদোন্নতিপ্রাপ্ত) একেএম নাহিদুল ইসলামকে সিআইডিতে, ডিএমপির যুগ্ম পুলিশ কমিশনার (উপপুলিশ মহাপরিদর্শক পদে পদোন্নতিপ্রাপ্ত) বিপ্লব বিজয় তালুকদারকে পুলিশ কমিশনার (ডিআইজি) রাজশাহী, বরিশাল রেঞ্জ ডিআইজি এসএম আক্তারুজ্জামানকে ঢাকার পুলিশ স্টাফ কলেজে, হাইওয়ে পুলিশের ডিআইজি মো. মোজাম্মেল হককে খুলনা মেট্রোপলিটন পুলিশ কমিশনার এবং রাজশাহী মহানগর পুলিশ কমিশনার মো. আনিসুর রহমানকে রাজশাহীর রেঞ্জ ডিআইজি করা হয়েছে।এ ছাড়া রাজশাহী রেঞ্জ ডিআইজি মো. আবদুল বাতেনকে রংপুর রেঞ্জ ডিআইজি, রংপুর রেঞ্জ ডিআইজি মোহা. আবদুল আলীম মাহমুদকে অ্যান্টি টেররিজম ইউনিটে, আর্মড পুলিশ ব্যাটালিয়নের মো. জামিল হাসানকে বরিশাল রেঞ্জ ডিআইজি, পুলিশের বিশেষ শাখার (এসবি) অতিরিক্ত ডিআইজি (বর্তমানে উপপুলিশ মহাপরিদর্শক পদে পদোন্নতিপ্রাপ্ত) রখফার সুলতানা খানমকে রাজশাহীর সারদা পুলিশ একাডেমি, ডিএমপির যুগ্ম পুলিশ কমিশনার (বর্তমানে ডিআইজি পদে পদোন্নতিপ্রাপ্ত) মো. জাকির হোসেন খানকে ইন্ডাস্ট্রিয়াল পুলিশে বদলি করা হয়েছে।অন্যদিকে পুলিশের বিশেষ শাখার (এসবি) অতিরিক্ত ডিআইজি (বর্তমানে ডিআইজি পদে পদোন্নতিপ্রাপ্ত) মো. মনিরুজ্জামানকে এসবিতে, পুলিশ সদর দপ্তরের অতিরিক্ত ডিআইজি (বর্তমানে ডিআইজি পদে পদোন্নতিপ্রাপ্ত) মোহাম্মদ আব্দুল্লাহীল বাকীকে আর্মড পুলিশ ব্যাটালিয়নে, টাঙ্গাইল পুলিশ ট্রেনিং সেন্টারের কমান্ড্যান্ট (ডিআইজি) মো. ময়নুল ইসলামকে ঢাকার ট্রেনিং ড্রাইভিং স্কুলে ও ঢাকা ট্রেনিং ড্রাইভিং স্কুলের কমান্ড্যান্ট (ডিআইজি) মো. নজরুল ইসলামকে টাঙ্গাইল পুলিশ ট্রেনিং সেন্টারের কমান্ড্যান্ট (ডিআইজি) হিসেবে বদলি করা হয়েছে।বদলি হওয়া ৩৫ জন অতিরিক্ত ডিআইজির মধ্যে রয়েছেন- গাজীপুর মহানগর পুলিশের অতিরিক্ত কমিশনার মো. দেলোয়ার হোসেনকে রাজশাহীর সারদা পুলিশ একাডেমি, পুলিশ সদর দপ্তরের অতিরিক্ত ডিআইজি মারুফ হোসেন সরদারকে ঢাকা রেঞ্জের অতিরিক্ত ডিআইজি, ঢাকা রেঞ্জের অতিরিক্ত ডিআইজি মুহাম্মদ সাইদুর রহমান খানকে পুলিশ স্টাফ কলেজের অতিরিক্ত ডিআইজি, ঢাকা রেঞ্জের অতিরিক্ত ডিআইজি টুটুল চক্রবর্তীকে নৌপুলিশে, এসবির অতিরিক্ত ডিআইজি মোহাম্মদ রাশিদুল ইসলাম খানকে ঢাকা রেঞ্জের অতিরিক্ত ডিআইজি, এসবির অতিরিক্ত ডিআইজি মো. সাজ্জাদুর রহমানকে ময়মনসিংহ রেঞ্জের অতিরিক্ত ডিআইজি, রাজশাহী মহানগর পুলিশের অতিরিক্ত কমিশনার মো. ফারুক হোসনকে এসবিতে, রাজশাহী মহানগরী পুলিশের অতিরিক্ত কমিশনার সামসুন নাহারকে পুলিশের এসবিতে, ময়মনসিংহ রেঞ্জের অতিরিক্ত ডিআইজি আবিদা সুলতানাকে এসবিতে এবং রংপুর রেঞ্জের অতিরিক্ত ডিআইজি এএফএম আনজুমান কালামকে পুলিশ সদর দপ্তরে পদায়ন করা হয়েছে।একই প্রজ্ঞাপনে নৌপুলিশের অতিরিক্ত ডিআইজি পংকজ চন্দ্র রায়কে রংপুর রেঞ্জে, সিলেট রেঞ্জের অতিরিক্ত ডিআইজি এমএ জলিলকে পুলিশ সদর দপ্তরে, খুলনা রেঞ্জের অতিরিক্ত ডিআইজি মো. ইকবালকে অধিনায়ক কক্সবাজার ১৪ আর্মড পুলিশ ব্যাটালিয়ন, কক্সবাজার ১৪ আর্মড পুলিশ ব্যাটালিয়নের অধিনায়ক সৈয়দ হারুন অর রশীদকে সিলেট রেঞ্জে, সিলেট রেঞ্জের অতিরিক্ত ডিআইজি নাবিলা জাফরিন রীনাকে হাইওয়ে পুলিশে, ডিএমপির যুগ্ম কমিশনার লিটন কুমার সাহাকে সিলেট রেঞ্জের অতিরিক্ত ডিআইজি, অ্যান্টি টেররিজম ইউনিটের অতিরিক্ত ডিআইজি আবদুল মান্নান মিয়াকে সিএমপির অতিরিক্ত পুলিশ কমিশনার, ট্যুরিস্ট পুলিশের অতিরিক্ত ডিআইজি মোহাম্মদ মুসলিমকে অ্যান্টি টেররিজম ইউনিটে, অ্যান্টি টেররিজম ইউনিটের অতিরিক্ত ডিআইজি মোহাম্মদ হেমায়েতুল ইসলামকে আরএমপির অতিরিক্ত কমিশনার এবং হাইওয়ে পুলিশের অতিরিক্ত ডিআইজি জয়দেব চৌধুরীকে খুলনা রেঞ্জে বদলি করা হয়েছে।এ ছাড়া পুলিশ সদর দপ্তরের অতিরিক্ত ডিআইজি মো. হাসানুজ্জামানকে খুলনা রেঞ্জে, খুলনা রেঞ্জের অতিরিক্ত ডিআইজি মো. আতিকুর রহমান মিয়াকে হাইওয়ে পুলিশে, রাজশাহী রেঞ্জের অতিরিক্ত ডিআইজি নরেশ চাকমাকে ট্যুরিস্ট পুলিশে, সিএমপির অতিরিক্ত পুলিশ কমিশনার ফয়সল মাহমুদকে রাজশাহী রেঞ্জে, র‌্যাবের পরিচালক চৌধুরী মঞ্জুরুল কবিরকে নোয়াখালী পুলিশ ট্রেনিং সেন্টারে, নোয়াখালী পুলিশ ট্রেনিং সেন্টারের অতিরিক্ত ডিআইজি দীন মোহাম্মদকে রাজশাহী আরআরএফের কমান্ড্যান্ট, রাজশাহী আরআরএফের কমান্ড্যান্ট মো. আব্দুর রাজ্জাককে বগুড়া ৪ আর্মড পুলিশ ব্যাটালিয়নের অধিনায়ক, বগুড়া ৪ আর্মড পুলিশ ব্যাটালিয়নের অধিনায়ক সৈয়দ আবু সায়েমকে ময়মনসিংহ রেঞ্জের অতিরিক্ত ডিআইজি, পুলিশ স্টাফ কলেজের অতিরিক্ত ডিআইজি মো. মেহেদুল করিমকে রংপুর রেঞ্জ রিজার্ভ ফোর্সের কমান্ড্যান্ট এবং রংপুর রেঞ্জ রিজার্ভ ফোর্সের কমান্ড্যান্ট এসএম আশরাফুজ্জামানকে সিআইডিতে পদায়ন করা হয়েছে।একই প্রজ্ঞাপনে বরিশাল ১০ আর্মড পুলিশ ব্যাটালিয়নের অধিনায়ক মোহাম্মদ মোয়াজ্জেম হোসেন ভূঁঞাকে র‌্যাবের পরিচালক, বিএমপির অতিরিক্ত পুলিশ কমিশনার আবু আহাম্মদ আল মামুনকে বরিশাল ১০ আর্মড পুলিশ ব্যাটালিয়নের অধিনায়ক, এসবির অতিরিক্ত ডিআইজি মোহা. আহমার উজ্জামানকে গাজীপুর মহানগর পুলিশের অতিরিক্ত কমিশনার, রাজশাহীর সারদা পুলিশ একাডেমির অতিরিক্ত ডিআইজি মো. হামিদুল আলমকে বিএমপির অতিরিক্ত পুলিশ কমিশনার এবং ঢাকা রেঞ্জ রিজার্ভ ফোর্সের কমান্ড্যান্ট মো. রেজাউল করিমকে অ্যান্টি টেররিজম ইউনিটের অতিরিক্ত ডিআইজি করা হয়েছে।",0,0,1,False
" কেন্দ্রীয় যুবলীগের চেয়ারম্যান শেখ ফজলে শাম্স পরশ বলেছেন, এবারের নির্বাচন জননেত্রী শেখ হাসিনার জন্য বড় চ্যালেঞ্জ। আমাদের কোনো আত্মতুষ্টির সুযোগ নেই। বহির্বিশ্বের চাপ, দেশি-বিদেশি ষড়যন্ত্র মোকাবিলা করছেন বঙ্গবন্ধুকন্যা। আমাদের দরকার আংশগ্রহণ, প্রতিযোগিতামূলক ও গ্রহণযোগ্য নির্বাচন।যুবলীগের চেয়ারম্যান গতকাল দুপুরে মাধবপুর উপজেলা যুবলীগের আয়োজনে ঢাকা-সিলেট মহাসড়কে কিবরিয়া চত্বরে হবিগঞ্জ-৪ আসনে নৌকার প্রার্থী মাহবুব আলীর সমর্থনে পথসভায় এসব কথা বলেন।উপজেলা যুবলীগ সভাপতি ফারুক পাঠানের সভাপতিত্বে পথসভায় বক্তব্য রাখেন নৌকার প্রার্থী বিমান পরিবহন ও পর্যটন প্রতিমন্ত্রী অ্যাডভোকেট মো. মাহবুব আলী, কেন্দ্রীয় যুবলীগের যুগ্ম সাধারণ সম্পাদক সৈকত জোয়ার্দার, মুক্তিযোদ্ধাবিষয়ক সম্পাদক আব্দুল মুকিত চৌধুরী, শেখ মো. মিছির আলী, জেলা যুবলীগ সভাপতি আবুল কাশেম চৌধুুরী, সেক্রেটারি একেএম মঈন উদ্দিন চৌধুরী সুমন, উপজেলা যুবলীগের সাধারণ সম্পাদক আবুল কাশেম, পৌর যুবলীগ আহ্বায়ক একরামুল আলম লেবু প্রমুখ।এ সময় দলীয় নেতাকর্মীদের উদ্দেশে শেখ পরশ বলেন, নির্বাচন গ্রহণযোগ্য করতে হবে। জননেত্রী শেখ হাসিনা বলেছেন, কোনো প্রকার সংঘাত, হট্টগোল বরদাশত করা হবে না। এ ক্ষেত্রে জিরো টরারেন্স। নেতাকর্মীদেরকে সাধারণ ভোটারদের কেন্দ্রে নিয়ে যাওয়ার দায়িত্ব নিতে হবে।",0,0,1,False
" নোয়াখালী-১ আসনে স্বতন্ত্র প্রার্থী খন্দকার রুহুল আমিনের প্রার্থিতা বাতিল করতে নির্বাচন কমিশনকে দেওয়া হাইকোর্টের নির্দেশ বহাল রেখেছেন আপিল বিভাগ। এর ফলে তিনি নির্বাচন করতে পারবেন নাবলে জানিয়েছে আইনজীবীরা। আজ মঙ্গলবার প্রধান বিচারপতি ওবায়দুল হাসানের নেতৃত্বে আপিল বেঞ্চ তার আবেদন খারিজ করে দেন।আদালতে রুহুল আমিনের পক্ষে ছিলেন আইনজীবী মো. মোমতাজ উদ্দিন ফকির ও এবিএম আলতাফ হোসেন। রিট আবেদনকারী পক্ষে ছিলেন আইনজীবী প্রবীর নিয়োগী, আজাহার উল্লাহ ভূঁইয়া ও ইমাম হাছান। নির্বাচন কমিশনের পক্ষে ছিলেন আইনজীবী খান মোহাম্মদ শামীম আজিজ।পরে সাংবাদিকদের আইনজীবী খান মোহাম্মদ শামীম আজিজ বলেন, হাইকোর্টের দেওয়া বাতিল আদেশ বহাল রয়েছে।আজাহার উল্লাহ ভূঁইয়া জানান, আজকের আদেশের ফলে খন্দকার রুহুল আমিন নির্বাচন করতে পারবেন না।যুক্তরাষ্ট্রের নাগরিকত্বের তথ্য গোপন করে নোয়াখালী-১ আসন থেকে স্বতন্ত্র প্রার্থী হন খন্দকার রুহুল আমিন। তাকে প্রতীকও বরাদ্দ দেয় নির্বাচন কমিশন। তবে দ্বৈত নাগরিকত্বের অভিযোগে প্রার্থিতা বাতিল চেয়ে ১৯ ডিসেম্বর নির্বাচন কমিশনে আবেদন করেন জেলা আওয়ামী লীগের সহসভাপতি শফিকুর রহমান। তাতে সাড়া না পেয়ে ২০ ডিসেম্বর রিট করেন তিনি। রিটের পরিপ্রেক্ষিতে বিষয়টি যাচাই করে প্রতিবেদন দিতে পুলিশের স্পেশাল ব্রাঞ্চ ও পররাষ্ট্র মন্ত্রণালয়কে নির্দেশ দেন হাইকোর্ট। দুই সংস্থার প্রতিবেদনে খন্দকার রুহুল আমিনের দ্বৈত নাগরিকত্বের প্রমাণ মেলে। তাই তার প্রার্থিতা বাতিলে পদক্ষেপ নিতে নির্বাচন কমিশনকে গত ২৭ ডিসেম্বর নির্দেশ দেন হাইকোর্ট।পরে প্রার্থিতা ফিরে পেতে চেম্বার আদালতে আবেদন করেন রুহুল আমিন। চেম্বার আদালত বিষয়টি শুনানির জন্য আপিল বিভাগের পূর্ণাঙ্গ বেঞ্চে পাঠান। সে অনুযায়ী আজ মঙ্গলবার বিষয়টি কার্যতালিকায় ওঠে।",0,0,1,False
" আওয়ামী লীগের সাধারণ সম্পাদক ওবায়দুল কাদের বলেছেন, ‘আগামী ৭ জানুয়ারি নির্বাচন। মোট ২৮টি দল নির্বাচনে অংশ নিচ্ছে। এটি একটি অংশগ্রহণমূলক নির্বাচন বলে আমি মনে করি। সুতারাং নির্বাচন থেকে পিছিয়ে পড়ার কোনো সুযোগ নেই।’আজ মঙ্গলবার ধানমন্ডিতে আওয়ামী লীগ সভাপতির রাজনৈতিক কার্যালয়ে নিয়মিত ব্রিফিংয়ে তিনি এসব কথা বলেন।ওবায়দুল কাদের বলেন, ‘আমাদের সংবিধান অনুযায়ী ৭ জানুয়ারি যে নির্বাচনের তারিখ নির্ধারিত হয়েছে, পাঁচ বছর পর, এটা থেকে আমাদের পিছিয়ে আসার কোন সুযোগ নেই। যত বাধাই আসুক, যত সন্ত্রাসই হোক, আগুন সন্ত্রাস, লিফলেট বিতরণ করে জনগণকে বিরত করা, কোনটাই এই নির্বাচন বন্ধ করতে পারবে না।’তিনি বলেন, ‘আমরা কিছু খারাপ তথ্যও পাচ্ছি। হঠাৎ করেই তারা গুপ্ত হত্যা, চোরা গুপ্তা হামলা করতে পারে। সে জন্য তারা প্রস্তুতি নিচ্ছে। এখন লিফলেট বিতরণের নামে কিছু নিরবতা দেখানো হলেও হঠাৎ করেই সরব হয়ে উঠবে সশস্ত্র তৎপরতার মাধ্যমে।’",0,0,1,False
" নির্বাচন কমিশনার মো. আলমগীর বলেছেন, জাতীয় নির্বাচনে একটিও যাতে অনাকাক্সিক্ষত ঘটনা না ঘটে, সে বিষয়ে সোচ্চার রয়েছে নির্বাচন কমিশন। নির্বাচন কেন্দ্র করে একটি প্রাণও যেন না যায়। কারও সম্মানহানি যেন না হয়। প্রত্যেক নাগরিক সম্মানিত, প্রত্যেক প্রার্থী ও তাদের সমর্থকরা সম্মানিত। এ দেশের প্রত্যেকটি মানুষ সম্মানিত। কেউ যেন কারও সম্মানে আঘাত না করে।গতকাল দুপুরে জেলা প্রশাসক ও জেলা রিটার্নিং কর্মকর্তার কার্যালয়ের সভাকক্ষে মুন্সীগঞ্জের তিনটি আসনের প্রতিদ্বন্দ্বী প্রার্থীদের সঙ্গে মতবিনিময়সভা শেষে সাংবাদিকদের এসব কথা বলেন মো. আলমগীর।নির্বাচন কমিশনার আরও বলেন, নির্বাচন সুষ্ঠু করতে সব ধরনের প্রস্তুতি নিয়েছে ইসি। ভোটারদের কোনো ভয় নেই। ভোট সুষ্ঠু করার জন্য যত রকম বাহিনী দরকার সে বাহিনী নামানো হয়েছে। অতীতের সব রেকর্ড ভেঙে অতিরিক্ত আইনশৃঙ্খলা বাহিনীর সদস্য নামানো হচ্ছে।এর আগে বেলা ১১টার দিকে প্রার্থীদের সঙ্গে মতবিনিময় করেন নির্বাচন কমিশনার আলমগীর। জেলা প্রশাসক ও জেলা রিটার্নিং কর্মকর্তা মো. আবুজাফর রিপনের সভাপতিত্বে মতবিনিময়সভায় অন্যদের মধ্যে উপস্থিত ছিলেন ঢাকা আঞ্চলিক নির্বাচন কর্মকর্তা মো. ফরিদুল ইসলাম, মুন্সীগঞ্জের পুলিশ সুপার মো. আসলাম খান, অতিরিক্ত জেলা প্রশাসক মো. মাসুদুল আলম, জেলা নির্বাচন কর্মকর্তা মোহাম্মদ বশির আহমেদ প্রমুখ।",0,0,1,False
" আওয়ামী লীগের সভাপতি মণ্ডলীর সদস্য, জাতীয় নির্বাচন পরিচালনা কমিটির সদস্য ও রাজশাহী সিটি করপোরেশনের মেয়র এএইচএম খায়রুজ্জামান লিটন বলেছেন, ‘দ্বাদশ জাতীয় সংসদ নির্বাচনের দিকে ভারত, চীন, আমেরিকা, ইউরোপীয় ইউনিয়ন, রাশিয়াসহ অনেক উন্নত দেশ তাকিয়ে আছে। আমাদের দেশে নির্বাচন হবে, এতে সবার ঘুম হারাম কেন?’আজ রবিবার নাটোর-৩ (সিংড়া) আসনে আওয়ামী লীগ মনোনীত নৌকার প্রার্থী জুনাইদ আহমেদ পলককে বিজয়ী করার লক্ষে উপজেলা আওয়ামী লীগের আয়োজনে গোল-ই আফরোজ সরকারি কলেজ মাঠে নির্বাচনী জনসভায় তিনি এ কথা বলেন।তিনি বলেন, ‘মার্কিন যুক্তরাষ্ট্রের রাষ্ট্রদূতের দৌঁড়াদৌঁড়ি দেখেছি। আমরা লক্ষ্য করেছি, দেশের মানুষের প্রতি বিশ্বাস ও আস্থা রাখতে না পেরে বিদেশি পরাশক্তির মাধ্যমে বাংলাদেশের নির্বাচনকে বন্ধ করতে বা প্রশ্নবিদ্ধ করতে অপচেষ্টা চালাচ্ছে বিএনপি-জামায়াত।’জনসভায় উপস্থিত ছিলেন- সংসদ সদস্য প্রার্থী প্রতিমন্ত্রী জুনাইদ আহমেদ পলক, উপজেলা আওয়ামী লীগের সভাপতি শেখ ওহিদুর রহমান, সিংড়া পৌর মেয়র ও উপজেলা আওয়ামী লীগের সাধারণ সম্পাদক জান্নাতুল ফেরদৌসসহ আওয়ামী লীগ ও তার বিভিন্ন অংগসংগঠনের নেতাকর্মীরা।",0,0,1,False
" দ্বাদশ জাতীয় সংসদ নির্বাচনকে অংশগ্রহণ ও গ্রহণযোগ্য করতে এবং গণতন্ত্র ও সব ষড়যন্ত্র মোকাবিলার মাধ্যমে গণতান্ত্রিক শাসনব্যবস্থা প্রতিষ্ঠায় পেশাজীবী সমন্বয় পরিষদের উদ্যোগে ‘নির্বাচন-গণতন্ত্র-নাশকতা’ শীর্ষক আলোচনাসভা ও র‌্যালির আয়োজন করে। গতকাল শনিবার বিকালে রাজধানীর রমনায় অবস্থিত ইঞ্জিনিয়ার্স ইনস্টিটিউশনের শহীদ প্রকৌশলী ভবনের কাউন্সিল হলে এই আলোচনাসভা অনুষ্ঠিত হয়। আলোচনাসভা শেষে প্রতিবাদী র‌্যালি বের করেন তারা।আলোচনায় সভাপতির বক্তব্যে পরিষদের সিনিয়র প্রেসিডিয়াম সদস্য অ্যাডভোকেট ইউসুফ হোসেন হুমায়ুন বলেন, নির্বাচন কেন্দ্র করে এখন ষড়যন্ত্র চলছে। ষড়যন্ত্রের একটি অংশ হচ্ছেÑ জনগণকে কীভাবে নির্বাচন থেকে বিমুখ করে প্রশ্নবিদ্ধ করা যায়। আরেকটি অংশ হচ্ছেÑ সন্ত্রাসী কর্মকাণ্ড। যাতে ভোটাররা ভোটকেন্দ্রে না যায়। সেই চেষ্টা তারা অব্যাহত রেখেছে। ইতোমধ্যে তারা অগ্নিসন্ত্রাস চালিয়েছে। আপনারা লক্ষ্য করেছেনÑ ট্রেন-বাসে তারা অগ্নিসন্ত্রাস চালিয়েছে। তাদের এই ষড়যন্ত্র আমাদের প্রতিহত করতে হবে। এখানে সব পেশার মানুষ উপস্থিত আছেন। সবাই মিলে বঙ্গবন্ধুর অসাম্প্রদায়িক বাংলাদেশকে বাঁচাতে হবে।সভায় ঢাকা বিশ্ববিদ্যালয়ের সাবেক উপাচার্য অধ্যাপক ড. মোহাম্মদ আখতারুজ্জামান বলেন, সরকারের বিরোধিতা করা রাজনৈতিক অধিকার। কিন্তু সহিংসতা ও নাশকতা করার অধিকার কারো নেই। এধরনের কার্যক্রমের কোনো গ্রহণযোগ্যতা নেই। এ ধরনের রাষ্ট্র পরিপন্থী কাজ থেকে বিরত থাকার অনুরোধ করছি।ভোরের কাগজ পত্রিকার সম্পাদক শ্যামল দত্ত বলেন, আমাদের পেশাজীবী দায়িত্ব হলোÑ মানুষের মধ্যে ভোট দেওয়ার সচেতনতা তৈরি করা এবং দেশজুড়ে সহিংসতা প্রতিরোধ করতে হবে। বিএনপি কিন্তু বসে নেই। আপনারা যদি ভাবেন বিএনপি লিফলেট কর্মসূচির মধ্যে আছে। এটি ভাবা ঠিক হবে না। তারা ষড়যন্ত্র চালিয়ে যাচ্ছে। এগুলো থেকে আমাদের সবাইকে সাবধান থাকতে হবে। বাংলাদেশ টেলিভিশনের সাবেক পরিচালক ম. হামিদ বলেন, যখন মুক্তিযোদ্ধার শক্তি ক্ষমতায় থাকে। তখনই রাষ্ট্রের বিরুদ্ধে নাশকতাগুলো ঘটে। আলোচনাসভায় ইঞ্জি. মো. শাহাদাৎ হোসেন শীবলুর সঞ্চালনায় আরও বক্তব্য রাখেন গোলাম কুদ্দুস, অ্যাডভোকেট মোখলেসুর রহমান বাদল, অধ্যাপক ড. নিজামুল হক ভূঁইয়া, অধ্যক্ষ একেএম আসাদুল হক, নাসিরুদ্দিন ইউসুফ, অধ্যাপক ড. ইঞ্জি. মো. হাবিবুর রহমান, ডা. রোকেয়া সুলতানা ও ইঞ্জি. নূরুল হুদা প্রমুখ।আলোচনাসভা শেষে পেশাজীবী সমন্বয় পরিষদের ব্যানারে নির্বাচনকেন্দ্রিক অগ্নিসন্ত্রাস ও নাশকতার বিরুদ্ধে প্রতিবাদী র‌্যালি বের করেন।",0,0,1,False
" গণঅধিকার পরিষদকে রাজনৈতিক দল হিসেবে নিবন্ধন দেয়নি নির্বাচন কমিশন। আজ রোববার এ ঘটনায় প্রতিক্রিয়া জানিয়েছেন দলটির সভাপতি নুরুল হক নুর।রাজধানীর আগারগাঁওয়ে নির্বাচন ভবনে প্রধান নির্বাচন কমিশনার (সিইসি) কাজী হাবিবুল আউয়ালের সঙ্গে বৈঠক শেষে নুর বলেন, ‘দীর্ঘ সময় পর আমরা নির্বাচন কমিশনের সাক্ষাৎ পেয়েছি। সিইসির সঙ্গে আমরা কথা বলেছি। তার কথাবার্তায় একটু অসহায়ত্বের ছাপ ফুটে উঠেছে। তিনি ব্যক্তিগতভাবে ভালো কিছু করার চিন্তা-ভাবনা করলেও এই পরিবেশ-পরিস্থিতির জন্য করতে পারছেন না। তার হাত-পা বাঁধা। আমরা তার কথাবার্তা ও কার্যক্রমে বুঝতে পেরেছি।’নুর বলেন, ‘নিবন্ধন দেয়নি ভালো, আমরা এই সরকার ও নির্বাচন কমিশনের পতন ঘটিয়েই আগামী নির্বাচনের আগে নিবন্ধনও নেব এবং নির্বাচনে অংশগ্রহণ করব।’গণঅধিকার পরিষদের সভাপতি বলেন, ‘দলগুলোর নিবন্ধনে যাচাই-বাছাই কমিটির আহ্বায়ক একজন উপসচিব ও অতিরিক্ত জেলা জজ। যিনি আইনকানুন সম্পর্কে ভালো বোঝেন। তার সঙ্গে কথা বলে দেখুন তিনি কী তদন্ত প্রতিবেদন দিয়েছেন। তদন্ত প্রতিবেদনের কপিও আমাদের হাতে রয়েছে। তিনি অত্যন্ত সুন্দরভাবে লিখে দিয়েছেন, গণঅধিকার কাউন্সিলের মাধ্যমে গঠনতন্ত্র অনুযায়ী সমস্ত কার্যক্রম পরিচালিত হচ্ছে। তারা নিবন্ধনের যোগ্য, এটা তদন্ত কমিটি লিখেছে। কিন্তু নির্বাচন কমিশন সরকার ও এজেন্সির পরামর্শে আমাদের নিবন্ধন দেয়নি।’আরও পড়ুন: নিবন্ধন পাচ্ছে না নুরের গণঅধিকার পরিষদ, আরও বাদ পড়ল যারাতিনি আরও বলেন, ‘আমাদের সাংগঠনিক বিষয়ের আপডেট চিঠি নিয়ে এখানে সশরীরে হাজির হয়েছি। এর আগে সাধারণত আমরা চিঠি নিয়ে সশরীরে এখানে আসিনি। আমরা মনে করেছি যে, নিবন্ধনের কার্যক্রমটা যেহেতু চূড়ান্ত পর্যায়ে এবং মাঠ পর্যায়ে তাদের (ইসির) যে কর্মকর্তারা আছেন, তারা বিভিন্ন এজেন্সির দ্বারা প্রভাবিত। ডিজিএফআই, এনএসআই নিবন্ধন কার্যক্রমে বাধাগ্রস্তের পরিবেশ তৈরি করেছে। আমরা আমাদের কার্যক্রম লিখিতভাবে ডকুমেন্টসহ তাদের কাছে উপস্থাপন করেছি।’তিনি বলেন, ‘আজকে যারা দালালি করেছে, আমি চ্যালেঞ্জ দিয়ে বলছি, আপনাদের অধীনে আগামীতে জাতীয় নির্বাচন সম্ভব নয়। নির্বাচন কমিশন পুনর্গঠন হবে, নতুন সরকার গঠন হবে, দালালির পুরস্কার আপনারা পাবেন। জনগণ আপনাদের রাস্তাঘাটে দেখলে থুথু মারবে।’আদালতে যাবেন কি না—এমন প্রশ্নের জবাবে নুরুল হক নুর বলেন, ‘এই সরকারের নিয়ন্ত্রিত ক্যাঙ্গারু কোর্টে মানুষ ন্যায় বিচার পায় না। ওখানে মানুষ অবিচারের শিকার হয়। আমরা রাজপথের আন্দোলনের মাধ্যমে সরকারের পতন করে এবং নির্বাচন কমিশনকে পুনর্গঠনের মাধ্যমে জনগণকে সম্পৃক্ত করেই দাবি আদায়ের চেষ্টা করব এবং দলের নিবন্ধন নেব।’",0,0,1,False
" কক্সবাজার পৌরসভা নির্বাচনে ভোটগ্রহণ চলছে। আজ সোমবার ইভিএমে ১২টি ওয়ার্ডে ৪৩টি কেন্দ্রে ভোট গ্রহণ শুরু হয়। এসব কেন্দ্রের সবকটি অতি ঝুঁকিপূর্ণ হিসেবে চিহ্নিত করেছে পুলিশ। ফলে প্রতিটি কেন্দ্রে নির্বাহী ম্যাজিস্ট্রেটের নেতৃত্বে র‍্যাব, বিজিবি ও পুলিশের টহল রাখা হয়েছে।জেলা নির্বাচন ও রিটার্নিং কর্মকর্তা এসএম শাহাদাত হোসেন জানান, আজ সোমবার সকাল ৮টা থেকে বিকেল ৪টা পর্যন্ত পৌর নির্বাচনের ভোট গ্রহণ চলবে। নির্বাচনকে সুষ্ঠু ও সুশৃঙ্খলভাবে সম্পন্ন করতে ৪৩টি কেন্দ্রের প্রতি কেন্দ্রে ৪ জন পুলিশসহ পুরুষ ও মহিলা আনসার বাহিনীর ১৩ সদস্য, ১২টি ওয়ার্ডে পুলিশের ১২টি টহল টিম, স্ট্রাইকিং ফোর্সসহ ৭৯০ জন আইনশৃঙ্খলা বাহিনীর সদস্য দায়িত্ব পালন করছেন। পাশাপাশি ৭ প্লাটুন বিজিবি, র‌্যাবের ১২টি পেট্রোল টিম এবং ১২ জন নির্বাহী ম্যাজিস্ট্রেট ও তিনজন জুডিসিয়াল ম্যাজিস্ট্রেট মাঠে কাজ করছেন। প্রত্যেকটি কেন্দ্রে বসানো হয়েছে সিসিটিভি ক্যামেরা।কক্সবাজার সদর মডেল থানার ভারপ্রাপ্ত কর্মকর্তা (ওসি) মোহাম্মদ রফিকুল ইসলাম বলেন, ‘৪৩টি কেন্দ্রের প্রতিটিকে ঝুঁকিপূর্ণ হিসেবে চিহ্নিত করে নিরাপত্তা ব্যবস্থা জোরদার করা হয়েছে।’আরও পড়ুন: কক্সবাজারপৌর নির্বাচন: মেয়রসহ ৪ প্রার্থীর মনোনয়ন বাতিলনির্বাচনে মেয়র পদে মূল প্রতিদ্বন্দ্বিতায় রয়েছেন আওয়ামী লীগ মনোনীত নৌকা প্রতীকের প্রার্থী মাহাবুবুর রহমান চৌধুরী ও একই দলের বিদ্রোহী (স্বতন্ত্র) নারকেল গাছ প্রতীকে মাসেদুল হক রাশেদ। এছাড়া তিনজন স্বতন্ত্র মেয়র প্রার্থী নির্বাচন করছেন। তারা হলেন- জগদীশ বড়ুয়া (হেলমেট), জোছনা হক (মোবাইল ফোন) ও মো. জাহেদুর রহমান (হাতপাখা)।কক্সবাজার পৌরসভা নির্বাচনে সংরক্ষিত নারী কাউন্সিলর পদে ১৬ জন এবং সাধারণ কাউন্সিলর পদে ৫৬ জন প্রতিদ্বন্দ্বিতা করছেন। পৌরসভার মোট ভোটারসংখ্যা ৯৫ হাজার ৩৮৬ জন।",0,0,1,False
" আগামী ২১ জুন অনুষ্ঠিত হতে যাওয়া সিলেট ও রাজশাহী সিটি করপোরেশনের ভোট বয়কটের ঘোষণা দিয়েছে ইসলামী আন্দোলন বাংলাদেশ।আজ সোমবার সন্ধ্যায় বরিশাল নগরীতে দলীয় কার্যালয়ে আয়োজিত এক সংবাদ সম্মেলনে এ ঘোষণা দেন চরমোনাই পীর ও ইসলামী আন্দোলন বাংলাদেশের আমির মুফতি সৈয়দ রেজাউল করীম।বরিশাল সিটি করপোরেশন নির্বাচনে হাতপাখা প্রতীকের মেয়র প্রার্থী মুফতি সৈয়দ মুহাম্মাদ ফয়জুল করীমের ওপর হামলার প্রতিবাদে ইসলামী আন্দোলন এ ঘোষণা দিয়েছে। একই সঙ্গে বরিশাল ও খুলনা সিটিতে ভোটের ফল প্রত্যাখ্যান করে আগামী শুক্রবার দেশব্যাপী বিক্ষোভ কর্মসূচির ডাক দেওয়া হয়েছে।সৈয়দ রেজাউল করীম বলেন, ‘নির্বাচনে মারাত্মক অনিয়মের কারণেই আমরা বরিশাল সিটি করপোরেশন নির্বাচনের ফলাফল প্রত্যাখ্যান করছি। যখন প্রসাশন দলীয়করণ হয় তখন এই সরকারের অধীনে সুষ্ঠু নির্বাচন কখনোই আশা করা যায় না। আমরা এই সরকার এবং নির্বাচন কমিশনের পদত্যাগ দাবি করছি।’চরমোনাই পীর বলেন, ‘রাজশাহী ও সিলেটে আমাদের যে প্রার্থী রয়েছে তাদের প্রার্থিতাও আমরা প্রত্যাহার করে নিচ্ছি এবং নির্বাচন বয়কটের ঘোষণা দিচ্ছি। খুলনার ফলাফলও আমরা প্রত্যাখ্যান করছি।’",0,0,1,False
" আইনমন্ত্রী আনিসুল হক বলেন, ‘যখন বাণিজ্য করার দরকার পড়ে, তখন তারা (বিএনপি) নির্বাচন করতে আসে। এখন তাদের এইসব মানুষ ধরে ফেলেছে। যখন বাণিজ্য করতে পারে না, তখন বিএনপি বলে- তারা নির্বাচনে আসবে না।’আজ শনিবার বিকেলে ব্রাহ্মণবাড়িয়ার আখাউড়া উপজেলার মোগড়া ইউনিয়নের খলাপাড়া খেলার মাঠে নির্বাচনী জনসভায় প্রধান অতিথির বক্তব্যে তিনি এ কথা বলেন।আনিসুল হক বলেন, ‘২০২৪ সালের ৭ জানুয়ারির নির্বাচন বাংলাদেশের জন্য খুব গুরুত্বপূর্ণ। আপনারা কেন্দ্রে গিয়ে আমাকে ভোট দিয়ে সারা বিশ্বকে দেখাবেন আমাকে আপনারা ভালোবাসেন।’তিনি বলেন, ‘সঠিকভাবে গণতন্ত্র চলছিল বলেই বাংলাদেশের উন্নতি হচ্ছে। আর তারা এসব গণতান্ত্রিক পদ্ধতিতে অংশগ্রহণ করতে চায় না। বিএনপি গণতন্ত্রে বিশ্বাস করে না, সন্ত্রাসে বিশ্বাস করে। তারা ট্রেনে আগুন দিয়ে ৩ বছরের শিশুকে মেরেছে।’মন্ত্রী আরও বলেন, ‘আমার বিরুদ্ধে কোনো শক্ত প্রতিদ্বন্দ্বী প্রার্থী নাই। অনেকে আমাকে প্রশ্ন করেন, আমি কেন প্রত্যেক ইউনিয়নে মিটিং করছি। এর কারণ হল- আমি আখাউড়া-কসবাবাসীকে ভালোবাসি। আমি এও জানি আপনারা আমাকে ভালোবাসেন। নির্বাচন মুখ্য নয়, এই ভালোবাসার টানেই আমরা পরস্পর পরস্পরকে দেখতে যাই। ১০ বছর আপনাদের সেবা করে উন্নয়ন করেছি। সন্তানের দাবিতে ভোট দাবি করছি। ভালোবাসার দাবিতে আপনাদের ভোট চাই।’ মোগড়া ইউনিয়ন আওয়ামী লীগ নির্বাচন পরিচালনা কমিটির চেয়ারম্যান মো. আতাউর রহমান নাজিমের সভাপতিত্বে সভায় আরও বক্তব্য দেন উপজেলা আওয়ামী লীগের সভাপতি মোহাম্মদ আলী চৌধুরী, সাধারণ সম্পাদক তাকজিল খলিফা কাজল, উপজেলা পরিষদের চেয়ারম্যান আবুল কাশেম ভূইয়া, মোগড়া ইউনিয়ন পরিষদের চেয়ারম্যান এম. এ. মতিন প্রমুখ।",0,0,1,False
" নির্বাচন বর্জন ও অসহযোগ আন্দোলনকে সফল করার লক্ষে ঢাকা জজ কোর্ট ও ন্যাশনাল মেডিকেলের জনসন রোডের বিভিন্ন এলাকায় লিফলেট বিতরণ করেছে জগন্নাথ বিশ্ববিদ্যালয় ছাত্রদল।আজ শুক্রবার জবি ছাত্রদলের সভাপতি আসাদুজ্জামান আসলাম ও সাধারণ সম্পাদক সুজন মোল্লার নেতৃত্বে এই লিফলেট বিতরণ করা হয়।এ সময় উপস্থিত ছিলেন ছাত্রদলের সহসভাপতি জুলকার নাইন, শামিম হোসেন, প্রচার সম্পাদক (যুগ্ম সম্পাদক পদমর্যাদা) মোস্তাফিজুর রহমান রুমি, ইয়াকুব শেখ অনিক, দপ্তর সম্পাদক (যুগ্ম সম্পাদক পদমর্যাদা) সাখাওয়াতুল ইসলাম খান পরাগ, আরিফুল ইসলাম আরিফ, আসিফ আল ইমরান, সমাজসেবা সম্পাদক রবিন মিয়া শাওন, স্বাস্থ্য বিষয়ক সম্পাদক রায়হান হোসেন, তথ্য ও গবেষণা বিষয়ক সম্পাদক রবিউল ইসলাম শাওন, বিজ্ঞান ও প্রযুক্তি বিষয়ক সম্পাদক মিরাজ, সহসাংগঠনিক সম্পাদক নাইমুর রহমান দুর্জয়, ইমন, মাহবুব আলম, ফয়সাল মুরাদ, ইথার, আয়াত, সহপ্রচার সম্পাদক, মেহেদী হাসান, সদস্য শিহাব, রায়হান, আনোয়ার, তাজুল প্রমুখ।লিফলেট বিতরণ শেষে আসন্ন দ্বাদশ জাতীয় সংসদ নির্বাচন বর্জন এবং বিএনপি ও সমমনা দলগুলোর চলমান অসহযোগ আন্দোলন সফল করার জন্য দেশবাসীর প্রতি আহ্বান জানান জবি ছাত্রদলের সভাপতি আসাদুজ্জামান আসলাম ও সাধারণ সম্পাদক সুজন মোল্লা।",0,0,1,False
" নওগাঁ-২ আসনের স্বতন্ত্র প্রার্থী আমিনুল হকের মৃত্যুর কারণে সেখানকার নির্বাচন স্থগিতের সিদ্ধান্ত নিয়েছে নির্বাচন কমিশন (ইসি)। আজ শুক্রবার ইসির অতিরিক্ত সচিব অশোক কুমার দেবনাথ এ তথ্য জানান।গণপ্রতিনিধিত্ব আদেশ ১৯৭২ এ বলা হয়েছে, নির্বাচনের আগে বৈধ প্রার্থী মারা গেলে তা বাতিল করা হবে।অশোক কুমার দেবনাথ বলেন, ‘পরে ওই আসনে নতুন নির্বাচনের তারিখ ঘোষণা করা হবে। এখনকার বাকি বৈধ প্রার্থীরা তখনও প্রার্থী হিসেবে থাকবেন। এই আসনে নির্বাচন স্থগিত করায় আগামী ৭ জানুয়ারি ২৯৯ আসনে নির্বাচন অনুষ্ঠিত হবে।তিনি আরও বলেন, ‘নওগাঁ-২ আসনের স্বতন্ত্র প্রার্থী আমিনুল হক, যার প্রতীক ছিল ঈগল। তিনি আজ ভোর ৫টায় ঢাকার ইউনাইটেড হাসপাতালে মৃত্যুবরণ করেছেন। আমিনুল হক একজন প্রতিদ্বন্দ্বী প্রার্থী ছিলেন। প্রতিদ্বন্দ্বী প্রার্থী মৃত্যুবরণ করলে রিটার্নিং কর্মকর্তা গণপ্রতিনিধিত্ব আদেশের ১৭ অনুচ্ছেদ অনুযায়ী নির্বাচন স্থগিত করবেন।’আমিনুল হক ২০০৬ সালে নওগাঁর পত্নীতলা উপজেলার নজিপুর পৌরসভার মেয়র নির্বাচিত হন। তিনি নওগাঁ জেলা আওয়ামী লীগের সাবেক বন ও পরিবেশ বিষয়ক সম্পাদক। এ ছাড়া তিনি ১৯৮৬ সাল থেকে ২০০৬ সাল পর্যন্ত একাধিকবার পত্নীতলা উপজেলা আওয়ামী লীগের সাধারণ সম্পাদক হিসেবে দায়িত্ব পালন করেছেন।আমিনুল হকের ব্যক্তিগত সহকারী ছয়ফুল ইসলাম বলেন, মামলার শুনানিতে অংশ নিতে গত সোমবার ঢাকায় যান আমিনুল হক। ঢাকায় যাওয়ার পর থেকেই তিনি অসুস্থ হয়ে পড়েন। পরের দিন গত মঙ্গলবার রাতে তাকে রাজধানীর ইউনাইটেড হাসপাতালে ভর্তি করা হয়। সেখানে চিকিৎসাধীন অবস্থায় আজ ভোর ৫টার দিকে তিনি মারা যান। তিনি ডায়াবেটিস, হৃদরোগসহ বিভিন্ন জটিল রোগে ভুগছিলেন।",0,0,1,False
" সফররত ইউরোপিয়ান ইউনিয়নের (ইইউ) নির্বাচন বিশেষজ্ঞ দলের সঙ্গে ভার্চুয়াল বৈঠক করেছে বিএনপি। এতে দলটি বলেছে, জাতীয় সংসদের বিরোধী দলে কারা বসবে তাও ঠিক করে দিচ্ছে ক্ষমতাসীন আওয়ামী লীগ সরকার। নির্বাচনের নামে এটি নাটক মঞ্চস্থ হতে যাচ্ছে। গতকাল বুধবার ইইউ প্রতিনিধিদের সঙ্গে প্রায় ঘণ্টাব্যাপী বৈঠক করেন বিএনপি।বৈঠকে বিএনপির পক্ষে অংশ নেন দলটির জাতীয় স্থায়ী কমিটির সদস্য ড. আবদুল মঈন খান, নজরুল ইসলাম খান, চেয়ারপারসনের উপদেষ্টা ইসমাইল জবিউল্লাহ,আন্তর্জাতিকবিষয়ক সম্পাদক হুমায়ুন কবির, সাংগঠনিক সম্পাদক শামা ওবায়েদ, মানবাধিকারবিষয়ক সম্পাদক আসাদুজ্জামান। ইইউ প্রতিনিধি দলে ছিলেন রেবেকা কক্স, শার্লোট সুয়েবেস। বিকাল ৩টা থেকে বৈঠক শুরু হয়ে ৪টার পর শেষ হয়। বৈঠকের বিষয়ে কোনো পক্ষই গণমাধ্যমকে কিছু বলেনি।বৈঠকে দলটির নেতারা ইইউ প্রতিনিধি দলকে বলেছেন, সরকারবিরোধী দলবিহীন যে একতরফা নির্বাচনের দিকে যাচ্ছে, সেটি কোনো নির্বাচন নয়, নির্বাচনের নামে একটা নাটক মঞ্চস্থ হতে যাচ্ছে। এ বিষয়ে তাদের কিছু তথ্যপ্রমাণও দেওয়া হয়।বৈঠকে উপস্থিত একজন নেতা বলেন, তারা ইইউ নির্বাচন বিশেষজ্ঞ দলকে তথ্যপ্রমাণ দিয়ে দেখিয়েছেন আসন্ন ৭ জানুয়ারির নির্বাচন সরকারের কতটা সাজানো এবং পাতানো। এখানে আওয়ামী লীগের নেতারা কেউ নৌকার প্রার্থী, কেউ আবার স্বতন্ত্র প্রার্থী। বিরোধী দলও ঠিক করছে তারা। যাদের বিরোধী দল হিসেবে দেখানো হচ্ছে, তারা সরকারের সঙ্গে আসন ভাগাভাগির নির্বাচন করছে। এখানে নির্বাচনসংশ্লিষ্ট আইনশৃঙ্খলা বাহিনীসহ সংশ্লিষ্টদের ভূমিকাও বিএনপির পক্ষ থেকে তুলে ধরা হয়েছে।বিএনপির প্রতিনিধি দলের নেতৃত্ব দেওয়া ড. আবদুল মঈন খান আমাদের সময়কে বলেন, আমরা নির্বাচনের বাস্তবতা তুলে ধরেছি। বলেছি, এটি কোনো নির্বাচন নয়, নাটক হচ্ছে।এর আগে দুপুরে সিলেটের একটি হোটেলে বিএনপির বিভাগীয় প্রতিনিধি দলের সঙ্গে বৈঠক করেন ইইউর দুই নির্বাচন বিশেষজ্ঞ। বৈঠকে বিএনপি চেয়ারপারসনের উপদেষ্টা পরিষদের সদস্য খন্দকার আবদুল মুক্তাদির, সিলেটের সাবেক মেয়র আরিফুল হক চৌধুরী, সিলেট জেলা বিএনপির সভাপতি আবদুল কাইয়ুম চৌধুরী অংশ নেন।বিএনপির কেন্দ্রীয় কমিটির নেতাদের সঙ্গে দ্বিতীয়বারের মতো বৈঠক করেছে ইইউ প্রতিনিধি দল। গত ২ ডিসেম্বর প্রথম দফার বৈঠক হয়েছিল। এ ছাড়া ১৯ ডিসেম্বর চট্টগ্রাম বিভাগ বিএনপির একটি প্রতিনিধি দলের সঙ্গেও তারা ভার্চুয়াল বৈঠক করেন। ওই বৈঠকে চট্টগ্রাম মহানগর উত্তর বিএনপির সভাপতি গোলাম আকবর খন্দকার, দক্ষিণের আহ্বায়ক ডা. শাহাদাত হোসেন, চট্টগ্রাম দক্ষিণ জেলা বিএনপির আহ্বায়ক আবু সুফিয়ান ও বিএনপির আন্তর্জাতিক সম্পর্কবিষয়ক কমিটির সদস্য মীর মোহাম্মদ হেলাল উদ্দিন অংশ নেন।",0,0,1,False
" দ্বাদশ জাতীয় সংসদ নির্বাচনের কারণে ঢাকা আন্তর্জাতিক বাণিজ্যমেলা (ডিআইটিএফ) শুরুর সময় পেছানো হচ্ছে বলে জানিয়েছে রপ্তানি উন্নয়ন ব্যুরো (ইপিবি)। সাধারণত ১ জানুয়ারি থেকে বাণিজ্যমেলা শুরু হয়। তবে ২০২৪ সালের জন্য তা পিছিয়ে ১৫ জানুয়ারি থেকে শুরুর পরিকল্পনা করছে মেলার আয়োজক প্রতিষ্ঠান ইপিবি।ইপিবি সূত্র জানিয়েছে, আগামী ৭ জানুয়ারি জাতীয় সংসদ নির্বাচনের ভোটগ্রহণ হওয়ার কথা রয়েছে। তাই মেলা শুরুর দিন পেছানোর সিদ্ধান্ত নেওয়া হয়েছে। তবে কবে থেকে শুরু হবে সেই তারিখ এখন পর্যন্ত নির্ধারণ হয়নি। প্রাথমিকভাবে ১৫ জানুয়ারি থেকে মেলা শুরুর পরিকল্পনা ধরে প্রস্তুতির কাজ এগোচ্ছে। প্রয়োজনে মেলার উদ্বোধনী আরও কিছুদিন পেছানো হতে পারে। আরও জানা গেছে, মেলার প্রস্তুতি হিসেবে ইতোমধ্যে স্টল বরাদ্দ, প্রধান ফটক, টিকিটিং বুথ নির্মাণসহ সব খাতের টেন্ডার বা ইজারা প্রক্রিয়া শেষ পর্যায়ে রয়েছে। স্টল বরাদ্দসহ ইজারাসংক্রান্ত যাবতীয় প্রক্রিয়াও আগমী কয়েকদিনের মধ্যে সম্পন্ন হবে বলে আশা করা হচ্ছে। দুই বছর ধরে রাজধানীর পূর্বাচলে বঙ্গবন্ধু বাংলাদেশ-চীন মৈত্রী প্রদর্শনী কেন্দ্রে (বিবিসিএফইসি) বাণিজ্যমেলা অনুষ্ঠিত হচ্ছে।আগামী বছর সেখানে তৃতীয়বারের মতো ২৮তম ঢাকা আন্তর্জাতিক বাণিজ্যমেলা অনুষ্ঠিত হবে। এর আগে রাজধানীর শেরেবাংলা নগরে বাণিজ্যমেলা অনুষ্ঠিত হতো।",0,0,1,False
" বিএনপির এখন আর নির্বাচনে আসার সুযোগ নেই বলে জানিয়েছেন নির্বাচন কমিশনার (ইসি) মো. আনিছুর রহমান। আজ রবিবার দুপুরে সুনামগঞ্জে আইনশৃঙ্খলা ও মতবিনিময় সভা শেষে সাংবাদিকদের সঙ্গে আলাপকালে তিনি এ কথা বলেন। জেলা সদরের হাছন রাজা মিলনায়তনে জেলার পাঁচটি সংসদীয় আসনের প্রার্থী ও নির্বাচন সংশ্লিষ্টদের সঙ্গে এ সভা হয়।ইসি আনিছুর বলেন, ‘নির্বাচনের ট্রেন অনেক দূরে চলে গেছে, এখন আর ওঠার কোনো সুযোগ নেই। বিএনপিকে অনেকবার নির্বাচনে অংশ নেওয়ার কথা বলা হয়েছে। আমরা তিনজন কমিশনার মনোনয়নপত্র প্রত্যাহার ও প্রতীক বরাদ্দের আগে পর্যন্ত বিএনপিকেনির্বাচনে আসার কথা বলে মুখে ফেনা তুলে ফেলেছি। তখন বিএনপির নির্বাচনে অংশ নেওয়ার সুযোগ ছিল। এখন আর সুযোগ নেই। এখন কিছু করলে আইনি জটিলতায় পড়ে যাবে কমিশন। নির্বাচনের ট্রেন সঠিক গন্তব্যে পৌঁছাবে।’তিনি বলেন, ‘এবার বিপুল সংখ্যক পর্যবেক্ষক আসছেন বিভিন্ন দেশ থেকে। দেশগুলোর দূতাবাস এবং সংস্থার লোকরা আমাদের কাছে সময় বাড়ানোর কথা বলেছেন, আমরা বাড়িয়েছি। এখন তারা লিস্ট পাঠিয়েছেন। এই লিস্টটি পর্যালোচনা করে স্বরাষ্ট্র মন্ত্রণালয় এবং পররাষ্ট্র মন্ত্রণালয়ে দেওয়া হবে। অধিকাংশ পর্যবেক্ষককে অন-অ্যারাইভাল ভিসা দেওয়া হবে এবং তাদের নিরাপত্তা জোরদার করা হবে।’ইসি আনিছুর আরও বলেন, ‘দুই হাজারের বেশি দেশি পর্যবেক্ষকের আবেদন এসেছে। সেগুলো যাচাই-বাছাই করা হচ্ছে। আমাদের চোখে নির্বাচন ভালো বললে হবে না, আন্তর্জাতিক, দেশি-বিদেশি পর্যবেক্ষকরা দেখে বলতে হবে। মার্কিন দূতাবাস থেকেও একটি বড় তালিকা এসেছে। তারা পর্যবেক্ষণ করবে তাদের মতো করে।’আইনশৃঙ্খলা পরিস্থিতি নিয়ে নির্বাচন কমিশনার বলেন, ‘ভোটের আগে বা পরে আইনশৃঙ্খলা পরিস্থিতির অবনতি হওয়ার সুযোগ নেই। সব পর্যায়ে আইনশৃঙ্খলা বাহিনী সর্তক অবস্থানে আছে। ভোটের আগে ও পরে মোট ১০ দিন সেনাবাহিনী মাঠে থাকবে। যেকোনো ধরনের অভিযোগ পেলে দ্রুততম সময়ের মধ্যে ব্যবস্থা নেওয়া হবে।’",0,0,1,False
